question_id,poll_id,pollster,end_date,sample_size,poll_margin,corrected_margin,true_margin,filtered,filtered_se,smoothed,smoothed_se,house_effect_assigned,total_error,sampling_noise,residual_systematic_bias,weight,sigma2_u,period
199541,86991,Morning Consult,2024-05-13,459.0,3.0,4.781064948110931,3.14001699409302,4.781064948110931,4.45403968153561,1.1458457130072812,1.6524764014273803,-1.7810649481109306,-0.14001699409302004,3.6352192351036496,-1.9941712810857388,0.0,0.032369266828914715,before_dropout
203531,87476,InsiderAdvantage,2024-07-16,800.0,10.0,6.478884583360378,3.14001699409302,5.907121762075142,2.716341603548864,0.7662377792611101,1.021172919380429,3.521115416639622,6.8599830059069795,5.7126468040992675,-2.37377921483191,0.6632370073861046,0.032369266828914715,before_dropout
204356,87562,Redfield & Wilton Strategies,2024-07-24,435.0,2.0,1.025273525926546,3.14001699409302,4.568736341960206,2.354487793382688,0.5858147866790286,0.921537543528446,0.974726474073454,-1.14001699409302,0.4394587392475173,-2.5542022074139914,0.2741554746017297,0.032369266828914715,after_dropout
204797,87624,Morning Consult,2024-07-28,454.0,0.0,1.7810649481109306,3.14001699409302,3.926275130583412,2.089411429515011,0.49278934933383356,0.8699787339798798,-1.7810649481109306,-3.14001699409302,1.288275598777097,-2.6472276447591865,0.23046518782462025,0.032369266828914715,after_dropout
204804,87624,Morning Consult,2024-07-28,454.0,-2.0,-0.21893505188906937,3.14001699409302,3.1912770379071045,1.8951403690121962,0.49278934933383356,0.8699787339798798,-1.7810649481109306,-5.1400169940930205,-0.7117244012229029,-2.6472276447591865,0.1773126235634946,0.032369266828914715,after_dropout
204995,87646,Public Opinion Strategies,2024-07-29,400.0,1.0,0.4890756487942184,3.14001699409302,2.8199441211453666,1.7680303052972262,0.46846895915712583,0.8590146006307036,0.5109243512057816,-2.14001699409302,0.020606689637092557,-2.671548034935894,0.13741866844485778,0.032369266828914715,after_dropout
205819,87766,Benenson Strategy Group/GS Strategy Group,2024-08-02,403.0,5.0,3.1275658872503675,3.14001699409302,2.859561365382392,1.6840898510086832,0.3710701067153206,0.8157577030498695,1.8724341127496325,1.85998300590698,2.756495780535047,-2.7689468873776995,0.12878556917036513,0.032369266828914715,after_dropout
205826,87766,Benenson Strategy Group/GS Strategy Group,2024-08-02,403.0,3.0,1.1275658872503675,3.14001699409302,2.6698328303527212,1.5891747525332456,0.3710701067153206,0.8157577030498695,1.8724341127496325,-0.14001699409302004,0.756495780535047,-2.7689468873776995,0.10954332007511658,0.032369266828914715,after_dropout
205272,87687,Redfield & Wilton Strategies,2024-08-03,470.0,0.0,-0.974726474073454,3.14001699409302,2.1937021805421786,1.4912025007622554,0.34160665017621517,0.8061292364793012,0.974726474073454,-3.14001699409302,-1.3163331242496692,-2.798410343916805,0.13064148777392673,0.032369266828914715,after_dropout
205621,87717,Trafalgar Group,2024-08-08,1087.0,3.4000000000000057,2.7425635173742036,3.14001699409302,2.3134880425901545,1.3656143752852161,0.20680568430771817,0.7577967974423374,0.6574364826258022,0.25998300590698564,2.5357578330664854,-2.933211309785302,0.21824430691250424,0.032369266828914715,after_dropout
207188,87922,Strategies 360,2024-08-14,350.0,-6.0,0.00794176939209823,3.14001699409302,2.1419196099063273,1.3805389754072983,-0.012589460216466897,0.6968869124535068,-6.007941769392098,-9.14001699409302,0.020531229608565127,-3.152606454309487,0.07441552341772886,0.032369266828914715,after_dropout
206358,87826,Redfield & Wilton Strategies,2024-08-15,536.0,1.0,0.02527352592654597,3.14001699409302,1.9113662809432888,1.3142049382271486,-0.04918126624240027,0.6851050068512672,0.974726474073454,-2.14001699409302,0.07445479216894624,-3.18919826033542,0.10892389176821912,0.032369266828914715,after_dropout
206214,87807,Siena/NYT,2024-08-15,677.0,2.0,1.9946516850623466,3.14001699409302,1.9209462659913532,1.236312772393711,-0.04918126624240027,0.6851050068512672,0.005348314937653517,-1.14001699409302,2.043832951304747,-3.18919826033542,0.1150259778336426,0.032369266828914715,after_dropout
206202,87807,Siena/NYT,2024-08-15,677.0,2.0,1.9946516850623466,3.14001699409302,1.9282581328930228,1.1733878810916534,-0.04918126624240027,0.6851050068512672,0.005348314937653517,-1.14001699409302,2.043832951304747,-3.18919826033542,0.099203925489208,0.032369266828914715,after_dropout
206206,87807,Siena/NYT,2024-08-15,677.0,1.0,0.9946516850623465,3.14001699409302,1.8448314909332788,1.1197345266807073,-0.04918126624240027,0.6851050068512672,0.005348314937653517,-2.14001699409302,1.0438329513047466,-3.18919826033542,0.08935953918655304,0.032369266828914715,after_dropout
206210,87807,Siena/NYT,2024-08-15,677.0,3.0,2.9946516850623466,3.14001699409302,1.94713917991188,1.0687588204302205,-0.04918126624240027,0.6851050068512672,0.005348314937653517,-0.14001699409302004,3.043832951304747,-3.18919826033542,0.08897711964094897,0.032369266828914715,after_dropout
206263,87818,Focaldata,2024-08-16,678.0,-7.400000000000006,-3.384309831237008,3.14001699409302,1.55186336673698,1.0428462347877796,-0.10575354771399437,0.680486189953718,-4.015690168762998,-10.540016994093026,-3.278556283523014,-3.2457705418070146,0.0741404095487581,0.032369266828914715,after_dropout
206384,87818,Focaldata,2024-08-16,678.0,-10.0,-5.984309831237002,3.14001699409302,0.9630585877292266,1.0012787678608606,-0.10575354771399437,0.680486189953718,-4.015690168762998,-13.14001699409302,-5.878556283523008,-3.2457705418070146,0.07813047332378815,0.032369266828914715,after_dropout
206386,87818,Focaldata,2024-08-16,678.0,-5.399999999999999,-1.384309831237001,3.14001699409302,0.7980643935261997,0.9654482289705708,-0.10575354771399437,0.680486189953718,-4.015690168762998,-8.540016994093019,-1.2785562835230067,-3.2457705418070146,0.07028900656152207,0.032369266828914715,after_dropout
207462,87954,Morning Consult,2024-08-26,450.0,-4.0,-2.218935051889069,3.14001699409302,0.6267008519751925,1.0883268457484792,-0.4196279077832351,0.6359433402318645,-1.7810649481109306,-7.1400169940930205,-1.7993071441058341,-3.559644901876255,0.05679932815745686,0.032369266828914715,after_dropout
207463,87954,Morning Consult,2024-08-26,416.0,-2.0,-0.21893505188906937,3.14001699409302,0.5845647108919569,1.0608659529359499,-0.4196279077832352,0.6359433402318645,-1.7810649481109306,-5.1400169940930205,0.20069285589416586,-3.559644901876255,0.049827757892833086,0.032369266828914715,after_dropout
207461,87954,Morning Consult,2024-08-26,450.0,-3.0,-1.2189350518890694,3.14001699409302,0.49133878020784116,1.0330831836127754,-0.41962790778323533,0.6359433402318645,-1.7810649481109306,-6.1400169940930205,-0.799307144105834,-3.5596449018762555,0.05169167892784183,0.032369266828914715,after_dropout
207464,87954,Morning Consult,2024-08-26,416.0,-4.0,-2.218935051889069,3.14001699409302,0.37134365439872935,1.0099548379830985,-0.4196279077832353,0.6359433402318645,-1.7810649481109306,-7.1400169940930205,-1.799307144105834,-3.5596449018762555,0.04427417052404363,0.032369266828914715,after_dropout
207248,87932,Beacon/Shaw,2024-08-26,1026.0,-2.0,-0.3991511265896768,3.14001699409302,0.2969749222811299,0.9599774817595326,-0.4196279077832353,0.6359433402318645,-1.6008488734103232,-5.1400169940930205,0.020476781193558502,-3.5596449018762555,0.09652074738546279,0.032369266828914715,after_dropout
207247,87932,Beacon/Shaw,2024-08-26,1026.0,-2.0,-0.3991511265896768,3.14001699409302,0.2333286346017499,0.9150407175634799,-0.41962790778323533,0.6359433402318645,-1.6008488734103232,-5.1400169940930205,0.020476781193558558,-3.5596449018762555,0.09142925736311881,0.032369266828914715,after_dropout
207518,87977,Redfield & Wilton Strategies,2024-08-28,490.0,0.0,-0.974726474073454,3.14001699409302,0.17907555665180216,0.9281853398932854,-0.4701133653156375,0.6321679535221312,0.974726474073454,-3.14001699409302,-0.5046131087578165,-3.6101303594086573,0.044909439611114765,0.032369266828914715,after_dropout
207321,87937,Emerson,2024-08-28,1168.0,-0.6000000000000014,-0.9210375306570985,3.14001699409302,0.07682036137739973,0.8839961780849235,-0.4701133653156376,0.6321679535221312,0.32103753065709706,-3.7400169940930215,-0.4509241653414609,-3.610130359408658,0.0929497125832212,0.032369266828914715,after_dropout
207694,88018,CNN/SSRS,2024-08-29,626.0,-1.0,-1.545601080278375,3.14001699409302,-0.005764174637402142,0.8788592037165323,-0.49276850753839746,0.6322337330602708,0.545601080278375,-4.1400169940930205,-1.0528325727399777,-3.6327855016314174,0.050902024526080954,0.032369266828914715,after_dropout
207585,87989,InsiderAdvantage,2024-08-31,800.0,1.3999999999999986,-2.1211154166396233,3.14001699409302,-0.14592031646322393,0.8841190234980468,-0.533587010540772,0.6319559128195998,3.521115416639622,-1.7400169940930215,-1.5875284060988513,-3.673604004633792,0.06625667598027894,0.032369266828914715,after_dropout
207910,88050,Patriot Polling,2024-09-03,788.0,0.20000000000000284,-0.46902303434667847,3.14001699409302,-0.16813344427655175,0.9046319799725892,-0.5817475272088097,0.6289584359953302,0.6690230343466813,-2.940016994093017,0.11272449286213126,-3.7217645213018296,0.06874943039426949,0.032369266828914715,after_dropout
208317,88089,Morning Consult,2024-09-08,516.0,0.8700000000000045,2.6510649481109354,3.14001699409302,-0.027066282412067155,0.964965180033373,-0.6635477169830792,0.6112915288194188,-1.7810649481109306,-2.2700169940930155,3.314612665094015,-3.803564711076099,0.0500380399781015,0.032369266828914715,after_dropout
208777,88119,Redfield & Wilton Strategies,2024-09-09,698.0,1.0,0.02527352592654597,3.14001699409302,-0.023463911967103113,0.9472121118128706,-0.6856733302964783,0.6054867672288238,0.974726474073454,-2.14001699409302,0.7109468562230242,-3.825690324389498,0.06882658839058892,0.032369266828914715,after_dropout
209533,88180,Trafalgar Group,2024-09-13,1079.0,-1.7999999999999972,-2.4574364826257993,3.14001699409302,-0.2935155291059179,0.9553930286684637,-0.7812371987764515,0.5761075048078349,0.6574364826258022,-4.940016994093018,-1.6761992838493478,-3.9212541928694717,0.11095096978259363,0.032369266828914715,after_dropout
210728,88345,Focaldata,2024-09-16,1038.0,-4.599999999999994,-0.5843098312369968,3.14001699409302,-0.321932140303625,0.9545664689682442,-0.8331246135786108,0.546660257980298,-4.015690168762998,-7.740016994093015,0.24881478234161403,-3.973141607671631,0.09772066023803316,0.032369266828914715,after_dropout
210720,88345,Focaldata,2024-09-16,1038.0,-4.399999999999999,-0.384309831237001,3.14001699409302,-0.3275156770130865,0.910842624401642,-0.8331246135786108,0.546660257980298,-4.015690168762998,-7.540016994093019,0.44881478234160976,-3.973141607671631,0.08951175694247905,0.032369266828914715,after_dropout
210635,88345,Focaldata,2024-09-16,1038.0,-2.799999999999997,1.2156901687630004,3.14001699409302,-0.2050694855006251,0.8739603380234094,-0.8331246135786108,0.546660257980298,-4.015690168762998,-5.940016994093018,2.048814782341611,-3.973141607671631,0.07934533934511018,0.032369266828914715,after_dropout
210627,88345,Focaldata,2024-09-16,1038.0,-1.5,2.5156901687629976,3.14001699409302,-3.295590671167914e-05,0.840384542081376,-0.8331246135786108,0.546660257980298,-4.015690168762998,-4.6400169940930205,3.3488147823416083,-3.973141607671631,0.07536003015650672,0.032369266828914715,after_dropout
210427,88313,Noble Predictive Insights,2024-09-16,812.0,-3.0,-2.1493681610946203,3.14001699409302,-0.13026561450811147,0.8145264048297235,-0.8331246135786108,0.546660257980298,-0.85063183890538,-6.1400169940930205,-1.3162435475160095,-3.973141607671631,0.06059206506600445,0.032369266828914715,after_dropout
210424,88313,Noble Predictive Insights,2024-09-16,692.0,-1.0,-0.14936816109462003,3.14001699409302,-0.13114632017877362,0.7955283465567369,-0.8331246135786108,0.546660257980298,-0.85063183890538,-4.1400169940930205,0.6837564524839908,-3.973141607671631,0.04610409751777078,0.032369266828914715,after_dropout
210425,88313,Noble Predictive Insights,2024-09-16,812.0,-3.0,-2.1493681610946203,3.14001699409302,-0.2369239110103824,0.7744004563829885,-0.8331246135786108,0.546660257980298,-0.85063183890538,-6.1400169940930205,-1.3162435475160095,-3.973141607671631,0.05241128040890097,0.032369266828914715,after_dropout
210426,88313,Noble Predictive Insights,2024-09-16,692.0,0.0,0.85063183890538,3.14001699409302,-0.19094073369288758,0.7578523531360895,-0.8331246135786107,0.546660257980298,-0.85063183890538,-3.14001699409302,1.6837564524839905,-3.973141607671631,0.04228121392494728,0.032369266828914715,after_dropout
210223,88252,Morning Consult,2024-09-18,474.0,-4.339999999999996,-2.5589350518890654,3.14001699409302,-0.2625004315202013,0.7872522201340937,-0.905510359008932,0.5458638244218558,-1.7810649481109306,-7.480016994093017,-1.6534246928801335,-4.045527353101952,0.030219539496963158,0.032369266828914715,after_dropout
210079,88238,Emerson,2024-09-18,895.0,0.20000000000000284,-0.12103753065709422,3.14001699409302,-0.2549077080368065,0.7658338065705884,-0.905510359008932,0.5458638244218558,0.32103753065709706,-2.940016994093017,0.7844728283518377,-4.045527353101952,0.05367289541688573,0.032369266828914715,after_dropout
210382,88292,Redfield & Wilton Strategies,2024-09-19,652.0,0.0,-0.974726474073454,3.14001699409302,-0.28579508108141954,0.7696200284160898,-0.9414174005205098,0.5455355786360422,0.974726474073454,-3.14001699409302,-0.03330907355294421,-4.08143439461353,0.0429099302518608,0.032369266828914715,after_dropout
211604,88510,Tarrance,2024-09-19,600.0,-3.0,-0.920984155741519,3.14001699409302,-0.30969195910582903,0.7550040431266761,-0.9414174005205098,0.5455355786360422,-2.079015844258481,-6.1400169940930205,0.020433244778990778,-4.08143439461353,0.03762167672231622,0.032369266828914715,after_dropout
211153,88442,Remington,2024-09-20,800.0,1.0,-0.9568628271028303,3.14001699409302,-0.34032620121458856,0.757552222349389,-0.9772899857030828,0.5460410953550808,1.9568628271028303,-2.14001699409302,0.02042715860025246,-4.117306979796103,0.04733563209291665,0.032369266828914715,after_dropout
210937,88386,Morning Consult,2024-09-25,516.0,-7.0,-5.218935051889069,3.14001699409302,-0.5249708107999377,0.8413595412946702,-1.1569256045316245,0.5315625572652423,-1.7810649481109306,-10.14001699409302,-4.062009447357445,-4.296942598624645,0.03784779949305047,0.032369266828914715,after_dropout
211333,88472,Benenson Strategy Group/GS Strategy Group,2024-09-25,409.0,-1.0,-2.8724341127496325,3.14001699409302,-0.5944041575561885,0.8288232658129511,-1.1569256045316245,0.5315625572652423,1.8724341127496325,-4.1400169940930205,-1.715508508218008,-4.296942598624645,0.029578032891326867,0.032369266828914715,after_dropout
211070,88412,AtlasIntel,2024-09-25,858.0,-2.799999999999997,-5.181473101002281,3.14001699409302,-0.8543290578726362,0.8049983236442136,-1.1569256045316245,0.5315625572652423,2.381473101002283,-5.940016994093018,-4.024547496470657,-4.296942598624645,0.056664703217034276,0.032369266828914715,after_dropout
211069,88412,AtlasIntel,2024-09-25,858.0,-2.8999999999999986,-5.281473101002282,3.14001699409302,-1.091523360269937,0.7831366634999141,-1.1569256045316245,0.5315625572652423,2.381473101002283,-6.040016994093019,-4.124547496470658,-4.296942598624645,0.05357727241005306,0.032369266828914715,after_dropout
210936,88386,Morning Consult,2024-09-25,516.0,-6.0,-4.218935051889069,3.14001699409302,-1.1937616743600457,0.7702295274333149,-1.1569256045316245,0.5315625572652423,-1.7810649481109306,-9.14001699409302,-3.0620094473574446,-4.296942598624645,0.032691031489102546,0.032369266828914715,after_dropout
211340,88472,Benenson Strategy Group/GS Strategy Group,2024-09-25,409.0,-1.0,-2.8724341127496325,3.14001699409302,-1.2355733418679395,0.7605767650213264,-1.1569256045316245,0.5315625572652423,1.8724341127496325,-4.1400169940930205,-1.715508508218008,-4.296942598624645,0.024907579675285316,0.032369266828914715,after_dropout
210922,88386,Morning Consult,2024-09-25,574.0,-2.0,-0.21893505188906937,3.14001699409302,-1.1993845743274358,0.7469171687006577,-1.1569256045316245,0.5315625572652423,-1.7810649481109306,-5.1400169940930205,0.9379905526425552,-4.296942598624645,0.03559650260788006,0.032369266828914715,after_dropout
210897,88378,TIPP,2024-09-25,1044.0,-4.100000000000001,-2.5115294342399377,3.14001699409302,-1.2777225226336892,0.7242777602525472,-1.1569256045316245,0.5315625572652423,-1.5884705657600637,-7.240016994093022,-1.3546038297083132,-4.296942598624645,0.05970221025099118,0.032369266828914715,after_dropout
210898,88378,TIPP,2024-09-25,736.0,-1.3000000000000043,0.28847056576005947,3.14001699409302,-1.2178189224657754,0.7102916692767783,-1.1569256045316245,0.5315625572652423,-1.5884705657600637,-4.440016994093025,1.445396170291684,-4.296942598624645,0.03824790226175083,0.032369266828914715,after_dropout
210923,88386,Morning Consult,2024-09-25,574.0,-4.0,-2.218935051889069,3.14001699409302,-1.2477885995372267,0.6995791472998455,-1.1569256045316245,0.5315625572652423,-1.7810649481109306,-7.1400169940930205,-1.0620094473574446,-4.296942598624645,0.029936264326013543,0.032369266828914715,after_dropout
210900,88378,TIPP,2024-09-25,736.0,-1.2000000000000028,0.3884705657600609,3.14001699409302,-1.1898846127079696,0.6870892905981804,-1.1569256045316245,0.5315625572652423,-1.5884705657600637,-4.340016994093023,1.5453961702916854,-4.296942598624645,0.03538802902212413,0.032369266828914715,after_dropout
210899,88378,TIPP,2024-09-25,1044.0,-4.300000000000004,-2.7115294342399405,3.14001699409302,-1.2682968078407488,0.6691518797864107,-1.1569256045316245,0.5315625572652423,-1.5884705657600637,-7.440016994093025,-1.554603829708316,-4.296942598624645,0.05153120756119335,0.032369266828914715,after_dropout
210911,88382,Quantus Insights,2024-09-25,628.0,1.0999999999999943,-1.1365294342399395,3.14001699409302,-1.2645654379364848,0.6596093644467432,-1.1569256045316245,0.5315625572652423,2.2365294342399338,-2.0400169940930257,0.020396170291685056,-4.296942598624645,0.028317858983576735,0.032369266828914715,after_dropout
212173,88597,Global Strategy Group/North Star Opinion Research,2024-09-29,407.0,-1.0,-1.6044891820033853,3.14001699409302,-1.27259383793524,0.742447056034504,-1.1248930004791817,0.5547500716277557,0.6044891820033854,-4.1400169940930205,-0.4795961815242036,-4.264909994572202,0.023618238322225593,0.032369266828914715,after_dropout
212166,88597,Global Strategy Group/North Star Opinion Research,2024-09-29,407.0,0.0,-0.6044891820033854,3.14001699409302,-1.2570198980383303,0.7337425761849248,-1.1248930004791817,0.5547500716277557,0.6044891820033854,-3.14001699409302,0.5204038184757963,-4.264909994572202,0.02331062919354697,0.032369266828914715,after_dropout
211161,88451,InsiderAdvantage,2024-09-30,800.0,0.8999999999999986,-2.6211154166396233,3.14001699409302,-1.3179289661482183,0.7384190139269856,-1.1169490475930335,0.5581670981997454,3.521115416639622,-2.2400169940930215,-1.5041663690465898,-4.256966041686054,0.04465161513934333,0.032369266828914715,after_dropout
212333,88651,OnMessage Public Strategies,2024-10-02,500.0,2.0,-1.0726763568368232,3.14001699409302,-1.3100558806670644,0.7683872398649708,-1.0930868860136949,0.5634692925003191,3.072676356836823,-1.14001699409302,0.020410529176871695,-4.2331038801067145,0.032101943800962825,0.032369266828914715,after_dropout
211725,88535,Redfield & Wilton Strategies,2024-10-02,514.0,-1.0,-1.974726474073454,3.14001699409302,-1.3306334519077034,0.7563994576934959,-1.0930868860136949,0.5634692925003191,0.974726474073454,-4.1400169940930205,-0.8816395880597592,-4.2331038801067145,0.030959051663742868,0.032369266828914715,after_dropout
211852,88557,RMG Research,2024-10-03,782.0,0.0,-1.0592343442116554,3.14001699409302,-1.318144312538875,0.7594019528048164,-1.0796475070162617,0.5658963311565162,1.0592343442116554,-3.14001699409302,0.020413162804606255,-4.219664501109282,0.0460176139665701,0.032369266828914715,after_dropout
212188,88609,Emerson,2024-10-08,900.0,-1.1000000000000014,-1.4210375306570984,3.14001699409302,-1.3247245440946032,0.8314485357150828,-1.0127142414305597,0.5638626953593077,0.32103753065709706,-4.240016994093022,-0.4083232892265387,-4.1527312355235795,0.06395204344923468,0.032369266828914715,after_dropout
212308,88643,Fabrizio/GBAO,2024-10-08,600.0,5.0,-1.492288603429917,3.14001699409302,-1.3322061917703174,0.8126747111439719,-1.0127142414305597,0.5638626953593077,6.492288603429917,1.85998300590698,-0.4795743619993573,-4.1527312355235795,0.04464947737236766,0.032369266828914715,after_dropout
212315,88643,Fabrizio/GBAO,2024-10-08,600.0,6.0,-0.492288603429917,3.14001699409302,-1.2973923839989085,0.7956541653300988,-1.0127142414305597,0.5638626953593077,6.492288603429917,2.85998300590698,0.5204256380006427,-4.1527312355235795,0.04144907578396789,0.032369266828914715,after_dropout
212248,88627,Fabrizio/McLaughlin,2024-10-09,800.0,3.0,-0.9777302748906274,3.14001699409302,-1.2807470110494488,0.7942193944481607,-0.998158366852633,0.5632595378580793,3.9777302748906274,-0.14001699409302004,0.02042809196200568,-4.138175360945653,0.05207177352327752,0.032369266828914715,after_dropout
212702,88706,Trafalgar Group,2024-10-13,1088.0,-0.8000000000000043,-1.4574364826258064,3.14001699409302,-1.2955598524700098,0.8345805218444836,-0.9401532129378387,0.5521040702727693,0.6574364826258022,-3.9400169940930243,-0.5172832696879677,-4.080170207030859,0.0838354503435116,0.032369266828914715,after_dropout
212947,88730,Redfield & Wilton Strategies,2024-10-14,838.0,0.0,-0.974726474073454,3.14001699409302,-1.275984096881302,0.8272969291540861,-0.9236365650488791,0.547663297200388,0.974726474073454,-3.14001699409302,-0.05108990902457489,-4.063653559141899,0.061015333524655366,0.032369266828914715,after_dropout
213071,88750,Morning Consult,2024-10-15,496.0,-4.0,-2.218935051889069,3.14001699409302,-1.3104051782267296,0.8310379636900334,-0.9069724877399099,0.5432092954865643,-1.7810649481109306,-7.1400169940930205,-1.3119625641491592,-4.04698948183293,0.036503575464478084,0.032369266828914715,after_dropout
213465,88812,Washington Post/George Mason University,2024-10-15,652.0,-3.0,-2.3865297731259525,3.14001699409302,-1.3611912854386117,0.8111911705629257,-0.9069724877399099,0.5432092954865643,-0.6134702268740474,-6.1400169940930205,-1.4795572853860426,-4.04698948183293,0.04719351964689373,0.032369266828914715,after_dropout
213505,88812,Washington Post/George Mason University,2024-10-15,652.0,0.0,0.6134702268740474,3.14001699409302,-1.2767164247154181,0.793650382875064,-0.9069724877399099,0.5432092954865643,-0.6134702268740474,-3.14001699409302,1.5204427146139574,-4.04698948183293,0.04277941317864621,0.032369266828914715,after_dropout
213684,88865,Fabrizio/Impact,2024-10-15,600.0,1.0,-1.3865297731259525,3.14001699409302,-1.281005140931545,0.7779981899054745,-0.9069724877399099,0.5432092954865643,2.3865297731259525,-2.14001699409302,-0.4795572853860426,-4.04698948183293,0.03905459835441627,0.032369266828914715,after_dropout
213685,88865,Fabrizio/Impact,2024-10-15,600.0,2.0,-0.3865297731259525,3.14001699409302,-1.2483874119828655,0.7636813090794816,-0.9069724877399099,0.5432092954865643,2.3865297731259525,-1.14001699409302,0.5204427146139574,-4.04698948183293,0.03646576543376516,0.032369266828914715,after_dropout
213388,88798,AtlasIntel,2024-10-17,1171.0,0.29999999999999716,-2.081473101002286,3.14001699409302,-1.3091158092399744,0.7750580949960153,-0.8690740736396865,0.5406447633637359,2.381473101002283,-2.840016994093023,-1.2123990273625995,-4.009091067732706,0.0728957393669657,0.032369266828914715,after_dropout
213389,88798,AtlasIntel,2024-10-17,1171.0,-0.10000000000000142,-2.4814731010022846,3.14001699409302,-1.3886150769970604,0.7483179015703847,-0.8690740736396865,0.5406447633637359,2.381473101002283,-3.2400169940930215,-1.612399027362598,-4.009091067732706,0.06781146696122067,0.032369266828914715,after_dropout
213531,88831,Redfield & Wilton Strategies,2024-10-18,529.0,1.0,0.02527352592654597,3.14001699409302,-1.3425237942659567,0.7569933918855948,-0.8390423387169865,0.5411331874905545,0.974726474073454,-2.14001699409302,0.8643158646435325,-3.9790593328100066,0.03259894919288355,0.032369266828914715,after_dropout
213951,88902,Morning Consult,2024-10-20,420.0,-1.0,0.7810649481109306,3.14001699409302,-1.2854508503903679,0.7878050574239832,-0.7821620017413837,0.5391414137192658,-1.7810649481109306,-4.1400169940930205,1.5632269498523144,-3.922178995834404,0.026875704667612983,0.032369266828914715,after_dropout
213567,88842,InsiderAdvantage,2024-10-20,800.0,0.19999999999999574,-3.321115416639626,3.14001699409302,-1.385955972293238,0.7681110852550812,-0.7821620017413837,0.5391414137192658,3.521115416639622,-2.9400169940930243,-2.5389534148982422,-3.922178995834404,0.04937214292040876,0.032369266828914715,after_dropout
213948,88902,Morning Consult,2024-10-20,449.0,-1.0,0.7810649481109306,3.14001699409302,-1.3271618582947606,0.7576195037615493,-0.7821620017413837,0.5391414137192658,-1.7810649481109306,-4.1400169940930205,1.5632269498523144,-3.922178995834404,0.02713130890656631,0.032369266828914715,after_dropout
213949,88902,Morning Consult,2024-10-20,449.0,-1.0,0.7810649481109306,3.14001699409302,-1.2725923981283322,0.7477500871885395,-0.7821620017413837,0.5391414137192658,-1.7810649481109306,-4.1400169940930205,1.5632269498523144,-3.922178995834404,0.025884055738511214,0.032369266828914715,after_dropout
213950,88902,Morning Consult,2024-10-20,420.0,0.0,1.7810649481109306,3.14001699409302,-1.1996776342213695,0.7387688187165804,-0.7821620017413837,0.5391414137192658,-1.7810649481109306,-3.14001699409302,2.5632269498523144,-3.922178995834404,0.023877847328470266,0.032369266828914715,after_dropout
214253,88946,Redfield & Wilton Strategies,2024-10-22,540.0,1.0,0.02527352592654597,3.14001699409302,-1.1577361111780202,0.767863379309008,-0.7326376858087469,0.5397249773988434,0.974726474073454,-2.14001699409302,0.7579112117352929,-3.8726546799017667,0.03423934309208289,0.032369266828914715,after_dropout
214244,88940,OnMessage Inc.,2024-10-22,600.0,3.0,-0.7121668174558478,3.14001699409302,-1.142043526390109,0.7542204201790886,-0.7326376858087469,0.5397249773988434,3.7121668174558478,-0.14001699409302004,0.02047086835289913,-3.8726546799017667,0.035219179169236677,0.032369266828914715,after_dropout
214720,89048,CES / YouGov,2024-10-25,940.0,-9.0,-3.14226696738823,3.14001699409302,-1.2642629259437161,0.7907366203474657,-0.6627482429714436,0.5343813857086389,-5.85773303261177,-12.14001699409302,-2.4795187244167867,-3.8027652370644636,0.061102873333300785,0.032369266828914715,after_dropout
214721,89048,CES / YouGov,2024-10-25,933.0,-4.0,1.8577330326117698,3.14001699409302,-1.088588308845434,0.7681671653616158,-0.6627482429714436,0.5343813857086389,-5.85773303261177,-7.1400169940930205,2.5204812755832133,-3.8027652370644636,0.05626996941391457,0.032369266828914715,after_dropout
214676,89027,CNN/SSRS,2024-10-26,683.0,1.0,0.45439891972162505,3.14001699409302,-1.02248929872017,0.7718713195813239,-0.6393885084057963,0.5325480286370722,0.545601080278375,-2.14001699409302,1.0937874281274214,-3.7794055024988165,0.04283833910060874,0.032369266828914715,after_dropout
214687,89033,Redfield & Wilton Strategies,2024-10-27,531.0,0.0,-0.974726474073454,3.14001699409302,-1.0208525583271686,0.7788638824803487,-0.6185744819493879,0.5302203965798115,0.974726474073454,-3.14001699409302,-0.3561519921240661,-3.758591476042408,0.0342680820304877,0.032369266828914715,after_dropout
214703,89039,Trafalgar Group,2024-10-28,1082.0,-0.19999999999999574,-0.857436482625798,3.14001699409302,-1.0098095224469592,0.7718919284040965,-0.5971092247294516,0.527105125487252,0.6574364826258022,-3.340016994093016,-0.26032725789634636,-3.7371262188224716,0.06757619060923707,0.032369266828914715,after_dropout
214745,89060,AtlasIntel,2024-10-29,1083.0,0.8999999999999986,-1.4814731010022846,3.14001699409302,-1.041055877838296,0.7658791502679804,-0.5746882419219311,0.5241380904400738,2.381473101002283,-2.2400169940930215,-0.9067848590803534,-3.714705236014951,0.06624712361094791,0.032369266828914715,after_dropout
214746,89060,AtlasIntel,2024-10-29,1083.0,0.8999999999999986,-1.4814731010022846,3.14001699409302,-1.0683660700114495,0.7417531390703519,-0.5746882419219311,0.5241380904400738,2.381473101002283,-2.2400169940930215,-0.9067848590803534,-3.714705236014951,0.06200981872814884,0.032369266828914715,after_dropout
215682,89214,Data for Progress,2024-10-30,721.0,-2.0,-0.525144955920315,3.14001699409302,-1.045585629123179,0.7470853649665676,-0.5456441568888675,0.5231852084561605,-1.474855044079685,-5.1400169940930205,0.02049920096855251,-3.6856611509818875,0.04193585318638521,0.032369266828914715,after_dropout
215683,89215,Noble Predictive Insights,2024-10-31,593.0,-1.0,-0.14936816109462003,3.14001699409302,-1.014356341214759,0.7549365837939226,-0.5166499275561348,0.5216762625995279,-0.85063183890538,-4.1400169940930205,0.3672817664615148,-3.6566669216491547,0.03484565858453551,0.032369266828914715,after_dropout
215551,89202,YouGov,2024-10-31,790.0,-1.0,-0.49614565212970285,3.14001699409302,-0.9918115732067618,0.738332215569556,-0.5166499275561348,0.5216762625995279,-0.5038543478702971,-4.1400169940930205,0.02050427542643196,-3.6566669216491547,0.043505023116759356,0.032369266828914715,after_dropout
215544,89202,YouGov,2024-10-31,773.0,-1.0,-0.49614565212970285,3.14001699409302,-0.9707571430435411,0.72248097023788,-0.5166499275561348,0.5216762625995279,-0.5038543478702971,-4.1400169940930205,0.02050427542643196,-3.6566669216491547,0.04247705817150083,0.032369266828914715,after_dropout
215537,89202,YouGov,2024-10-31,790.0,-1.0,-0.49614565212970285,3.14001699409302,-0.9510108865767836,0.7072918608658416,-0.5166499275561348,0.5216762625995279,-0.5038543478702971,-4.1400169940930205,0.02050427542643196,-3.6566669216491547,0.04160509563040125,0.032369266828914715,after_dropout
215558,89202,YouGov,2024-10-31,773.0,-1.0,-0.49614565212970285,3.14001699409302,-0.9339097251289198,0.6938687785210721,-0.5166499275561348,0.5216762625995279,-0.5038543478702971,-4.1400169940930205,0.02050427542643196,-3.6566669216491547,0.03759610573151721,0.032369266828914715,after_dropout
215436,89182,Susquehanna,2024-10-31,400.0,6.0,-0.4961456521297025,3.14001699409302,-0.9251247964080868,0.6868713111260988,-0.5166499275561348,0.5216762625995279,6.4961456521297025,2.85998300590698,0.020504275426432295,-3.6566669216491547,0.02006772428958256,0.032369266828914715,after_dropout
215366,89162,Emerson,2024-10-31,700.0,-0.30000000000000426,-0.6210375306571013,3.14001699409302,-0.9151023861704345,0.6754571800081919,-0.5166499275561348,0.5216762625995279,0.32103753065709706,-3.4400169940930243,-0.10438760310096651,-3.6566669216491547,0.032958993573442195,0.032369266828914715,after_dropout
215181,89146,AtlasIntel,2024-10-31,845.0,3.6000000000000014,1.2185268989977183,3.14001699409302,-0.8339218479104181,0.6624826382229332,-0.5166499275561348,0.5216762625995279,2.381473101002283,0.4599830059069814,1.735176826553853,-3.6566669216491547,0.0380480989946754,0.032369266828914715,after_dropout
215180,89146,AtlasIntel,2024-10-31,845.0,3.6000000000000014,1.2185268989977183,3.14001699409302,-0.7585434116230356,0.6502036421904885,-0.5166499275561348,0.5216762625995279,2.381473101002283,0.4599830059069814,1.735176826553853,-3.6566669216491547,0.03672609920268873,0.032369266828914715,after_dropout
215497,89191,Redfield & Wilton Strategies,2024-10-31,690.0,1.0,0.02527352592654597,3.14001699409302,-0.7351901015479466,0.6404442035756548,-0.5166499275561348,0.5216762625995279,0.974726474073454,-2.14001699409302,0.5419234534826808,-3.6566669216491547,0.02979434221987807,0.032369266828914715,after_dropout
216387,89357,Focaldata,2024-11-01,1324.0,-1.0,3.0156901687629976,3.14001699409302,-0.517268979768118,0.6456215430290662,-0.4994034046952151,0.5309153870256849,-4.015690168762998,-4.1400169940930205,3.5150935734582127,-3.639420398788235,0.058098661134220415,0.032369266828914715,after_dropout
216386,89357,Focaldata,2024-11-01,1197.0,-4.0,0.01569016876299756,3.14001699409302,-0.49036244023708214,0.6291133292199517,-0.4994034046952151,0.5309153870256849,-4.015690168762998,-7.1400169940930205,0.5150935734582127,-3.639420398788235,0.05048518184778845,0.032369266828914715,after_dropout
216385,89357,Focaldata,2024-11-01,1324.0,-4.0,0.01569016876299756,3.14001699409302,-0.4630468318253575,0.6118987273581918,-0.4994034046952151,0.5309153870256849,-4.015690168762998,-7.1400169940930205,0.5150935734582127,-3.639420398788235,0.053977803741982695,0.032369266828914715,after_dropout
216222,89338,Emerson,2024-11-02,840.0,0.10000000000000142,-0.22103753065709564,3.14001699409302,-0.45488478912938946,0.6269528535589279,-0.5025464938546171,0.5454783999797302,0.32103753065709706,-3.0400169940930186,0.2815089631975215,-3.642563487947637,0.03372615290638432,0.032369266828914715,after_dropout
215885,89273,Siena/NYT,2024-11-02,1010.0,-2.0,-2.0053483149376534,3.14001699409302,-0.5177393670579016,0.6141132918664358,-0.5025464938546171,0.5454783999797302,0.005348314937653517,-5.1400169940930205,-1.5028018210830363,-3.642563487947637,0.040539217390325726,0.032369266828914715,after_dropout
215883,89273,Siena/NYT,2024-11-02,1010.0,-3.0,-3.0053483149376534,3.14001699409302,-0.6177769239859509,0.6016385077002054,-0.5025464938546171,0.5454783999797302,0.005348314937653517,-6.1400169940930205,-2.502801821083036,-3.642563487947637,0.040214341974173076,0.032369266828914715,after_dropout
215882,89273,Siena/NYT,2024-11-02,1010.0,-2.0,-2.0053483149376534,3.14001699409302,-0.6697439019184325,0.5902647923933068,-0.5025464938546171,0.5454783999797302,0.005348314937653517,-5.1400169940930205,-1.5028018210830363,-3.642563487947637,0.03745175078655861,0.032369266828914715,after_dropout
215786,89250,AtlasIntel,2024-11-02,782.0,5.5,3.118526898997717,3.14001699409302,-0.5664487265999096,0.5821617682840254,-0.5025464938546171,0.5454783999797302,2.381473101002283,2.35998300590698,3.6210733928523338,-3.642563487947637,0.027267104372143126,0.032369266828914715,after_dropout
215785,89250,AtlasIntel,2024-11-02,782.0,5.5,3.118526898997717,3.14001699409302,-0.4684408354898196,0.5743678286894989,-0.5025464938546171,0.5454783999797302,2.381473101002283,2.35998300590698,3.6210733928523338,-3.642563487947637,0.026596618558147253,0.032369266828914715,after_dropout
215884,89273,Siena/NYT,2024-11-02,1010.0,-3.0,-3.0053483149376534,3.14001699409302,-0.5544825658298056,0.5645436843114954,-0.5025464938546171,0.5454783999797302,0.005348314937653517,-6.1400169940930205,-2.502801821083036,-3.642563487947637,0.03391599064492227,0.032369266828914715,after_dropout
216091,89296,Patriot Polling,2024-11-03,792.0,0.10000000000000142,-0.5690230343466799,3.14001699409302,-0.5548801881901321,0.584361418645153,-0.497271683424797,0.5704374625664572,0.6690230343466813,-3.0400169940930186,-0.0717513509218829,-3.637288677517817,0.02734591116269812,0.032369266828914715,after_dropout
216474,89378,AtlasIntel,2024-11-04,707.0,3.1000000000000014,0.7185268989977183,3.14001699409302,-0.5211711650210671,0.6032836989015534,-0.4918108818473949,0.5954622636742577,2.381473101002283,-0.04001699409301862,1.2103377808451132,-3.631827875940415,0.02647152156464509,0.032369266828914715,after_dropout
216475,89378,AtlasIntel,2024-11-04,707.0,3.0,0.6185268989977168,3.14001699409302,-0.4918108818473949,0.5954622636742577,-0.4918108818473949,0.5954622636742577,2.381473101002283,-0.14001699409302004,1.1103377808451118,-3.631827875940415,0.025761457442633882,0.032369266828914715,after_dropout
