question_id,poll_id,pollster,end_date,sample_size,poll_margin,corrected_margin,true_margin,filtered,filtered_se,smoothed,smoothed_se,house_effect_assigned,total_error,sampling_noise,residual_systematic_bias,weight,sigma2_u
211705,88528,Research Co.,2024-10-06,1001.0,-4.0,-2.5938032665436865,1.4723355621959089,-2.5938032665436865,3.1033388290949375,-2.9382043746074538,0.44113448708355335,-1.4061967334563135,-5.472335562195909,0.3444011080637672,-4.410539936803363,0.0,0.2560865135429648
212276,88634,Pew,2024-10-06,4025.0,-1.0,-2.9352753843818578,1.4723355621959089,-2.865812769802336,1.3996747704892296,-2.9382043746074538,0.4411344870835541,1.935275384381858,-2.4723355621959087,0.0029289902255960065,-4.410539936803363,0.7965789563748775,0.2560865135429648
212275,88634,Pew,2024-10-06,4025.0,-1.0,-2.9352753843818578,1.4723355621959089,-2.897320215403177,1.0346346906801311,-2.9382043746074538,0.4411344870835541,1.935275384381858,-2.4723355621959087,0.0029289902255960065,-4.410539936803363,0.4535885352367672,0.2560865135429648
211892,88561,Redfield & Wilton Strategies,2024-10-06,1918.0,-1.7299999999999969,-4.135765679040844,1.4723355621959089,-3.1199529892581976,0.9370341296857048,-2.9382043746074538,0.4411344870835541,2.4057656790408473,-3.2023355621959055,-1.1975613044333904,-4.410539936803363,0.17976792712461034,0.2560865135429648
211843,88553,Morning Consult,2024-10-06,11353.0,-5.0,-2.88632331506549,1.4723355621959089,-3.0013939067974755,0.6576178320132493,-2.9382043746074538,0.4411344870835541,-2.11367668493451,-6.472335562195909,0.05188105954196365,-4.410539936803363,0.5074658553987025,0.2560865135429648
211846,88550,Siena/NYT,2024-10-06,3385.0,-3.0,-4.156666824202993,1.4723355621959089,-3.1557709629911868,0.612104724399461,-2.9382043746074538,0.4411344870835541,1.156666824202993,-4.472335562195909,-1.2184624495955396,-4.410539936803363,0.13362821361761607,0.2560865135429648
211847,88550,Siena/NYT,2024-10-06,3385.0,-3.0,-4.156666824202993,1.4723355621959089,-3.2783087607205386,0.5734124010490814,-2.9382043746074538,0.4411344870835541,1.156666824202993,-4.472335562195909,-1.2184624495955396,-4.410539936803363,0.12242811912619225,0.2560865135429648
211854,88558,Ipsos,2024-10-07,1076.0,-3.0,-2.664967410894004,1.4723355621959089,-3.2377639762085817,0.7390699514502428,-2.673314853522184,0.40029059074495454,-0.3350325891059959,-4.472335562195909,0.00834744262817999,-4.145650415718093,0.06610476290800255,0.2560865135429648
211856,88558,Ipsos,2024-10-07,1272.0,-1.0,-0.664967410894004,1.4723355621959089,-3.0624051416681595,0.7134384143285025,-2.673314853522184,0.40029059074495454,-0.3350325891059959,-2.4723355621959087,2.00834744262818,-4.145650415718093,0.06815884197940106,0.2560865135429648
211857,88558,Ipsos,2024-10-07,1076.0,-2.0,-1.664967410894004,1.4723355621959089,-2.988413489337698,0.6942939533124786,-2.673314853522184,0.40029059074495454,-0.3350325891059959,-3.4723355621959087,1.00834744262818,-4.145650415718093,0.05294808541449027,0.2560865135429648
211858,88558,Ipsos,2024-10-07,1076.0,-2.0,-1.664967410894004,1.4723355621959089,-2.9231291142225655,0.6769529546507096,-2.673314853522184,0.40029059074495454,-0.3350325891059959,-3.4723355621959087,1.00834744262818,-4.145650415718093,0.04932907821367652,0.2560865135429648
211855,88558,Ipsos,2024-10-07,1076.0,-2.0,-1.664967410894004,1.4723355621959089,-2.859099252497164,0.659502424921426,-2.673314853522184,0.40029059074495454,-0.3350325891059959,-3.4723355621959087,1.00834744262818,-4.145650415718093,0.05089159966958585,0.2560865135429648
212127,88590,YouGov,2024-10-07,1230.0,-4.0,-3.1607106674615344,1.4723355621959089,-2.875366671202843,0.6414707814328657,-2.673314853522184,0.40029059074495454,-0.8392893325384656,-5.472335562195909,-0.4873958139393504,-4.145650415718093,0.053935023339884106,0.2560865135429648
212538,88678,Morning Consult,2024-10-07,11739.0,-6.0,-3.88632331506549,1.4723355621959089,-3.214619308575011,0.5228770536629733,-2.673314853522184,0.4002905907449545,-2.11367668493451,-7.472335562195909,-1.213008461543306,-4.145650415718093,0.33557585226994197,0.2560865135429648
211853,88558,Ipsos,2024-10-07,1272.0,-4.0,-3.664967410894004,1.4723355621959089,-3.2334167000446077,0.5118483798658662,-2.673314853522184,0.4002905907449545,-0.3350325891059959,-5.472335562195909,-0.99165255737182,-4.145650415718093,0.04173969285715292,0.2560865135429648
212126,88590,YouGov,2024-10-07,1414.0,-3.0,-2.1607106674615344,1.4723355621959089,-3.1914161476045853,0.5017279140739028,-2.673314853522184,0.4002905907449545,-0.8392893325384656,-4.472335562195909,0.5126041860606496,-4.145650415718093,0.039153832610492004,0.2560865135429648
212079,88587,ActiVote,2024-10-08,1000.0,1.2000000000000028,-1.3743041011789154,1.4723355621959089,-3.1035874790921825,0.6951780071961969,-2.1462490297013668,0.3680543318118155,2.5743041011789183,-0.27233556219590604,0.7719449285224513,-3.6185845918972754,0.04833420629463399,0.2560865135429648
212238,88621,co/efficient,2024-10-08,2180.0,-2.0,-2.143317903968099,1.4723355621959089,-3.0085902127745094,0.6598965264543373,-2.1462490297013668,0.3680543318118155,0.14331790396809935,-3.4723355621959087,0.002931125733267592,-3.6185845918972754,0.09892770611356498,0.2560865135429648
212479,88667,ABC News/Ipsos,2024-10-08,2631.0,-1.0,-0.48965537810727633,1.4723355621959089,-2.7424737442716367,0.6240659180219021,-2.1462490297013668,0.3680543318118155,-0.5103446218927237,-2.4723355621959087,1.6565936515940904,-3.6185845918972754,0.10564642833963118,0.2560865135429648
212480,88667,ABC News/Ipsos,2024-10-08,2226.0,-2.0,-1.4896553781072763,1.4723355621959089,-2.6386681613623773,0.5976526364661239,-2.1462490297013668,0.3680543318118155,-0.5103446218927237,-3.4723355621959087,0.6565936515940904,-3.6185845918972754,0.08285764777465059,0.2560865135429648
212481,88667,ABC News/Ipsos,2024-10-08,1714.0,-2.0,-1.4896553781072763,1.4723355621959089,-2.5710821470269076,0.579809019927214,-2.1462490297013668,0.3680543318118155,-0.5103446218927237,-3.4723355621959087,0.6565936515940904,-3.6185845918972754,0.058820942047312315,0.2560865135429648
212483,88667,ABC News/Ipsos,2024-10-08,2226.0,-1.0,-0.48965537810727633,1.4723355621959089,-2.4247918979685874,0.5590622962191812,-2.1462490297013668,0.3680543318118155,-0.5103446218927237,-2.4723355621959087,1.6565936515940904,-3.6185845918972754,0.07028363968541271,0.2560865135429648
212484,88667,ABC News/Ipsos,2024-10-08,1714.0,-3.0,-2.489655378107276,1.4723355621959089,-2.4281245049634492,0.544510952520435,-2.1462490297013668,0.3680543318118155,-0.5103446218927237,-4.472335562195909,-0.34340634840590933,-3.6185845918972754,0.051378787998060386,0.2560865135429648
212485,88666,Hart/POS,2024-10-08,1000.0,1.0,-1.285657156201335,1.4723355621959089,-2.392823279596711,0.5360324922323415,-2.1462490297013668,0.3680543318118155,2.285657156201335,-0.4723355621959089,0.8605918735000317,-3.6185845918972754,0.030899110950512447,0.2560865135429648
212486,88666,Hart/POS,2024-10-08,1000.0,0.0,-2.285657156201335,1.4723355621959089,-2.3897089778709524,0.5281863813694018,-2.1462490297013668,0.3680543318118155,2.285657156201335,-1.4723355621959089,-0.13940812649996825,-3.6185845918972754,0.029060505569177407,0.2560865135429648
212539,88679,Morning Consult,2024-10-08,10812.0,-4.0,-1.8863233150654901,1.4723355621959089,-2.2692056669839547,0.4606482787917961,-2.1462490297013668,0.3680543318118155,-2.11367668493451,-5.472335562195909,0.25992571463587666,-3.6185845918972754,0.23938566349985022,0.2560865135429648
212482,88667,ABC News/Ipsos,2024-10-08,2631.0,-1.0,-0.48965537810727633,1.4723355621959089,-2.1741997023010193,0.4481831673154827,-2.1462490297013668,0.3680543318118155,-0.5103446218927237,-2.4723355621959087,1.6565936515940904,-3.6185845918972754,0.053387625669689034,0.2560865135429648
212656,88705,Yale Youth Poll,2024-10-08,5500.0,-1.2999999999999972,-2.143317903968099,1.4723355621959089,-2.1709043141005075,0.4235959942056028,-2.1462490297013668,0.3680543318118155,0.8433179039681021,-2.772335562195906,0.002931125733267592,-3.6185845918972754,0.1067097247701128,0.2560865135429648
213925,88898,Change Research,2024-10-09,3275.0,0.0,-2.108130656040554,1.4723355621959089,-2.1624784646099062,0.6140537548924034,-2.111061155146266,0.42009927921767753,2.108130656040554,-1.4723355621959089,0.00293049910571197,-3.5833967173421746,0.13422587994719357,0.2560865135429648
212540,88680,Morning Consult,2024-10-09,10188.0,-4.0,-1.8863233150654901,1.4723355621959089,-2.083460808345954,0.518817281005967,-2.111061155146266,0.42009927921767753,-2.11367668493451,-5.472335562195909,0.2247378400807758,-3.5833967173421746,0.286135009230539,0.2560865135429648
212859,88711,Marist College,2024-10-10,1401.0,-5.0,-3.459306386962595,1.4723355621959089,-2.178878465166713,0.6991639252410529,-2.1373198042609944,0.4151022022636361,-1.540693613037405,-6.472335562195909,-1.3219865827016006,-3.609655366456903,0.06935201035911145,0.2560865135429648
212869,88712,Marquette Law School,2024-10-10,652.0,-3.0,-3.3843894421357636,1.4723355621959089,-2.2224913502557655,0.6864002713443704,-2.1373198042609944,0.4151022022636361,0.3843894421357638,-4.472335562195909,-1.2470696378747692,-3.609655366456903,0.036177924483695646,0.2560865135429648
212868,88712,Marquette Law School,2024-10-10,652.0,0.0,-0.3843894421357638,1.4723355621959089,-2.167710101295197,0.676094454811099,-2.1373198042609944,0.4151022022636361,0.3843894421357638,-1.4723355621959089,1.7529303621252306,-3.609655366456903,0.02980316201107588,0.2560865135429648
212867,88712,Marquette Law School,2024-10-10,780.0,-4.0,-4.384389442135764,1.4723355621959089,-2.260249537181621,0.6618315950432758,-2.1373198042609944,0.4151022022636361,0.3843894421357638,-5.472335562195909,-2.2470696378747697,-3.609655366456903,0.041746875238767196,0.2560865135429648
212866,88712,Marquette Law School,2024-10-10,780.0,0.0,-0.3843894421357638,1.4723355621959089,-2.1982769061948986,0.6508073413481927,-2.1373198042609944,0.4151022022636361,0.3843894421357638,-1.4723355621959089,1.7529303621252306,-3.609655366456903,0.033036915253110845,0.2560865135429648
212860,88711,Marist College,2024-10-10,1708.0,-3.0,-1.459306386962595,1.4723355621959089,-2.147912531666555,0.6282381907957351,-2.1373198042609944,0.4151022022636361,-1.540693613037405,-4.472335562195909,0.6780134172983994,-3.609655366456903,0.06815478184524333,0.2560865135429648
212541,88681,Morning Consult,2024-10-10,9556.0,-4.0,-1.8863233150654901,1.4723355621959089,-2.074040256735947,0.5321893141887832,-2.1373198042609944,0.4151022022636361,-2.11367668493451,-5.472335562195909,0.2509964891955043,-3.609655366456903,0.2823980127715534,0.2560865135429648
212329,88647,RMG Research,2024-10-10,2945.0,-3.0,-2.969655660649211,1.4723355621959089,-2.145016492774382,0.5106664804156568,-2.1373198042609944,0.4151022022636361,-0.030344339350789236,-4.472335562195909,-0.8323358563882164,-3.609655366456903,0.07924856554310565,0.2560865135429648
213207,88759,HarrisX,2024-10-11,1622.0,0.0,-0.709855028262032,1.4723355621959089,-2.0319183098306204,0.6900253473202484,-2.129761647171555,0.4114922855003139,0.709855028262032,-1.4723355621959089,1.4199066189095229,-3.6020972093674635,0.0788051977010066,0.2560865135429648
212542,88682,Morning Consult,2024-10-11,8902.0,-4.0,-1.8863233150654901,1.4723355621959089,-1.987272999984099,0.5745717982521267,-2.129761647171555,0.4114922855003139,-2.11367668493451,-5.472335562195909,0.2434383321060647,-3.6020972093674635,0.3066404165784817,0.2560865135429648
213205,88759,HarrisX,2024-10-11,2010.0,-3.0,-3.709855028262032,1.4723355621959089,-2.0998379488773806,0.5554814893929676,-2.129761647171555,0.4114922855003139,0.709855028262032,-4.472335562195909,-1.5800933810904771,-3.6020972093674635,0.0653466407087811,0.2560865135429648
213206,88759,HarrisX,2024-10-11,1692.0,-1.0,-1.709855028262032,1.4723355621959089,-2.0799180002401703,0.5411088210092521,-2.129761647171555,0.4114922855003139,0.709855028262032,-2.4723355621959087,0.41990661890952286,-3.6020972093674635,0.051079028296365236,0.2560865135429648
213203,88759,HarrisX,2024-10-11,1692.0,-2.0,-2.709855028262032,1.4723355621959089,-2.1096642785162487,0.5281784697814655,-2.129761647171555,0.4114922855003139,0.709855028262032,-3.4723355621959087,-0.5800933810904771,-3.6020972093674635,0.047221034727055654,0.2560865135429648
213092,88759,HarrisX,2024-10-11,2010.0,-2.0,-2.709855028262032,1.4723355621959089,-2.1415441920630274,0.5139596369353866,-2.129761647171555,0.4114922855003139,0.709855028262032,-3.4723355621959087,-0.5800933810904771,-3.6020972093674635,0.05311630270923333,0.2560865135429648
212487,88670,YouGov,2024-10-11,2712.0,-3.0,-2.1607106674615344,1.4723355621959089,-2.142838630956402,0.4963007220838253,-2.129761647171555,0.4114922855003139,-0.8392893325384656,-4.472335562195909,-0.03094902028997959,-3.6020972093674635,0.06753661622499166,0.2560865135429648
213204,88759,HarrisX,2024-10-11,1622.0,-2.0,-2.709855028262032,1.4723355621959089,-2.1646302742708987,0.48667034163720524,-2.129761647171555,0.4114922855003139,0.709855028262032,-3.4723355621959087,-0.5800933810904771,-3.6020972093674635,0.03843212192459809,0.2560865135429648
212543,88683,Morning Consult,2024-10-12,8901.0,-4.0,-1.8863233150654901,1.4723355621959089,-2.0772314380775354,0.5814934051887379,-2.0920607405225744,0.4477298651502185,-2.11367668493451,-5.472335562195909,0.2057374254570843,-3.5643963027184835,0.3140375520716217,0.2560865135429648
212707,88676,HarrisX/Harris Poll,2024-10-13,3145.0,-1.0,-1.6003619477785493,1.4723355621959089,-2.0001913928506436,0.7058487509647456,-2.103291725411201,0.41115622048995765,0.6003619477785495,-2.4723355621959087,0.5029297776326516,-3.5756272876071096,0.16155373072533827,0.2560865135429648
212706,88676,HarrisX/Harris Poll,2024-10-13,3145.0,-2.0,-2.6003619477785493,1.4723355621959089,-2.08152152985636,0.6562830813069424,-2.103291725411201,0.41115622048995765,0.6003619477785495,-3.4723355621959087,-0.49707022236734844,-3.5756272876071096,0.13551170802687232,0.2560865135429648
212605,88703,Ipsos,2024-10-13,769.0,-3.0,-2.664967410894004,1.4723355621959089,-2.1020310910485143,0.6446449044928803,-2.103291725411201,0.41115622048995765,-0.3350325891059959,-4.472335562195909,-0.5616756854828031,-3.5756272876071096,0.03515246547919482,0.2560865135429648
212532,88676,HarrisX/Harris Poll,2024-10-13,2596.0,-2.0,-2.6003619477785493,1.4723355621959089,-2.150574157908741,0.6124427462712001,-2.103291725411201,0.41115622048995765,0.6003619477785495,-3.4723355621959087,-0.49707022236734844,-3.5756272876071096,0.09741132062091877,0.2560865135429648
212531,88676,HarrisX/Harris Poll,2024-10-13,2596.0,-1.0,-1.6003619477785493,1.4723355621959089,-2.1003756692610316,0.5838366371997726,-2.103291725411201,0.41115622048995765,0.6003619477785495,-2.4723355621959087,0.5029297776326516,-3.5756272876071096,0.0912347776430327,0.2560865135429648
212506,88672,TIPP,2024-10-13,1212.0,-3.0,-3.52004917441434,1.4723355621959089,-2.159594184390118,0.5715302146712009,-2.103291725411201,0.41115622048995765,0.5200491744143402,-4.472335562195909,-1.4167574490031392,-3.5756272876071096,0.04171277051669119,0.2560865135429648
212544,88684,Morning Consult,2024-10-13,8647.0,-4.0,-1.8863233150654901,1.4723355621959089,-2.0973903172052446,0.5022878772455295,-2.103291725411201,0.41115622048995765,-2.11367668493451,-5.472335562195909,0.2169684103457108,-3.5756272876071096,0.2276271427635393,0.2560865135429648
212604,88703,Ipsos,2024-10-13,807.0,-3.0,-2.664967410894004,1.4723355621959089,-2.110382356909328,0.4965058241226687,-2.103291725411201,0.41115622048995765,-0.3350325891059959,-4.472335562195909,-0.5616756854828031,-3.5756272876071096,0.02289035242709682,0.2560865135429648
213034,88703,Ipsos,2024-10-13,938.0,-4.0,-3.664967410894004,1.4723355621959089,-2.1552310528457324,0.4892914876028078,-2.103291725411201,0.41115622048995765,-0.3350325891059959,-5.472335562195909,-1.561675685482803,-3.5756272876071096,0.02884930343402535,0.2560865135429648
213559,88850,Morning Consult,2024-10-14,8929.0,-4.0,-1.8863233150654901,1.4723355621959089,-2.0703013999895328,0.582237288778661,-2.047733584019462,0.4405861335018016,-2.11367668493451,-5.472335562195909,0.16141026895397204,-3.520069146215371,0.3158319413092014,0.2560865135429648
212865,88719,Fairleigh Dickinson,2024-10-14,806.0,-3.0,-2.0448045472978285,1.4723355621959089,-2.0696022381418837,0.5741988907263212,-2.047733584019462,0.4405861335018016,-0.9551954527021714,-4.472335562195909,0.0029290367216336932,-3.520069146215371,0.0274214961392775,0.2560865135429648
212990,88736,Beacon/Shaw,2024-10-14,870.0,2.0,-2.0448045472978285,1.4723355621959089,-2.068896778463438,0.5659723820785401,-2.047733584019462,0.4405861335018016,4.0448045472978285,0.5276644378040911,0.0029290367216336932,-3.520069146215371,0.02844860365759714,0.2560865135429648
212545,88685,TIPP,2024-10-14,1198.0,-3.0,-3.52004917441434,1.4723355621959089,-2.1252909541501,0.5548661006320645,-2.047733584019462,0.4405861335018016,0.5200491744143402,-4.472335562195909,-1.472315590394878,-3.520069146215371,0.03886164943393716,0.2560865135429648
212989,88736,Beacon/Shaw,2024-10-14,1110.0,2.0,-2.0448045472978285,1.4723355621959089,-2.122577761480075,0.545433673546551,-2.047733584019462,0.4405861335018016,4.0448045472978285,0.5276644378040911,0.0029290367216336932,-3.520069146215371,0.03370994899803175,0.2560865135429648
212853,88715,TIPP,2024-10-15,1248.0,-4.0,-4.52004917441434,1.4723355621959089,-2.2837816054842963,0.7185832471181163,-1.9833076335676358,0.44228581820994384,0.5200491744143402,-5.472335562195909,-2.5367415408467044,-3.4556431957635447,0.0672391099783433,0.2560865135429648
212852,88710,YouGov,2024-10-15,1314.0,-4.0,-3.1607106674615344,1.4723355621959089,-2.342911639904888,0.6939339753665746,-1.9833076335676358,0.44228581820994384,-0.8392893325384656,-5.472335562195909,-1.1774030338938986,-3.4556431957635447,0.06742852641611552,0.2560865135429648
212851,88710,YouGov,2024-10-15,1457.0,-3.0,-2.1607106674615344,1.4723355621959089,-2.3301187812562385,0.6691290877300737,-1.9833076335676358,0.44228581820994384,-0.8392893325384656,-4.472335562195909,-0.17740303389389855,-3.4556431957635447,0.0702128999483072,0.2560865135429648
213560,88851,Morning Consult,2024-10-15,8839.0,-4.0,-1.8863233150654901,1.4723355621959089,-2.2004192379265453,0.5629238230227249,-1.9833076335676358,0.44228581820994384,-2.11367668493451,-5.472335562195909,0.09698431850214573,-3.4556431957635447,0.2922507173021611,0.2560865135429648
213683,88864,UMass Amherst/YouGov,2024-10-16,1412.0,-2.0,-1.8049218791626578,1.4723355621959089,-2.1690650506238076,0.7263235673414301,-1.8078507193042619,0.4201238047755482,-0.19507812083734227,-3.4723355621959087,0.0029288401416041054,-3.2801862815001708,0.07927786774792679,0.2560865135429648
213561,88852,Morning Consult,2024-10-16,8756.0,-4.0,-1.8863233150654901,1.4723355621959089,-2.077111186672519,0.5966375160488983,-1.8078507193042619,0.4201238047755482,-2.11367668493451,-5.472335562195909,-0.07847259576122823,-3.2801862815001708,0.3252221104525341,0.2560865135429648
213314,88782,Gateway Political Strategies,2024-10-16,2540.0,-6.0,-1.8049218791626576,1.4723355621959089,-2.05446635608878,0.5712799850696471,-1.8078507193042619,0.4201238047755482,-4.195078120837342,-7.472335562195909,0.0029288401416043275,-3.2801862815001708,0.08319515116485221,0.2560865135429648
213123,88765,Emerson,2024-10-16,1000.0,-0.29999999999999716,-1.5098029636754098,1.4723355621959089,-2.037032845816529,0.5620629052573014,-1.8078507193042619,0.4201238047755482,1.2098029636754126,-1.772335562195906,0.2980477556288521,-3.2801862815001708,0.032007861213149684,0.2560865135429648
213280,88775,RMG Research,2024-10-16,2950.0,-1.0,-0.9696556606492107,1.4723355621959089,-1.945190431258282,0.5373377379909552,-1.8078507193042619,0.4201238047755482,-0.030344339350789236,-2.4723355621959087,0.8381950586550512,-3.2801862815001708,0.08604494815377792,0.2560865135429648
213055,88739,TIPP,2024-10-16,1228.0,-3.0,-3.52004917441434,1.4723355621959089,-2.001904932306361,0.5275736037219922,-1.8078507193042619,0.4201238047755482,0.5200491744143402,-4.472335562195909,-1.7121984551100782,-3.2801862815001708,0.036012436857937986,0.2560865135429648
213279,88774,OnMessage Inc.,2024-10-16,800.0,1.0,-1.673149096454977,1.4723355621959089,-1.9940519253178812,0.5212344304319265,-1.8078507193042619,0.4201238047755482,2.673149096454977,-0.4723355621959089,0.134701622849285,-3.2801862815001708,0.023887049694928657,0.2560865135429648
213313,88778,Quantus Insights,2024-10-17,1045.0,-0.7999999999999972,-2.0882871774863574,1.4723355621959089,-1.999073021790753,0.7068598195112594,-1.6323402586992402,0.41059974334299115,1.28828717748636,-2.272335562195906,-0.45594691878711724,-3.104675820895149,0.053282570559635256,0.2560865135429648
213380,88794,AtlasIntel,2024-10-17,4180.0,3.1000000000000014,0.4201732262382212,1.4723355621959089,-1.5747953341942698,0.6418909983140482,-1.6323402586992402,0.41059974334299115,2.6798267737617802,1.6276644378040925,2.052513484937461,-3.104675820895149,0.17537598247477035,0.2560865135429648
213381,88794,AtlasIntel,2024-10-17,4180.0,2.6999999999999957,0.02017322623821549,1.4723355621959089,-1.33809060402149,0.5923484956481997,-1.6323402586992402,0.41059974334299115,2.6798267737617802,1.2276644378040868,1.6525134849374556,-3.104675820895149,0.14840714484591208,0.2560865135429648
213562,88853,Morning Consult,2024-10-17,8484.0,-4.0,-1.8863233150654901,1.4723355621959089,-1.4680182472085577,0.5174178184675939,-1.6323402586992402,0.41059974334299115,-2.11367668493451,-5.472335562195909,-0.25398305636624996,-3.104675820895149,0.236993598830771,0.2560865135429648
214878,89091,YouGov,2024-10-17,1500.0,-4.0,-3.1607106674615344,1.4723355621959089,-1.5360918437026918,0.5069067755964864,-1.6323402586992402,0.41059974334299115,-0.8392893325384656,-5.472335562195909,-1.5283704087622942,-3.104675820895149,0.04021616430701587,0.2560865135429648
214879,89091,YouGov,2024-10-17,1500.0,-5.0,-4.160710667461535,1.4723355621959089,-1.6366453162082442,0.49710172961780547,-1.6323402586992402,0.41059974334299115,-0.8392893325384656,-6.472335562195909,-2.528370408762295,-3.104675820895149,0.0383116479982967,0.2560865135429648
213122,88764,TIPP,2024-10-17,1257.0,-2.0,-2.52004917441434,1.4723355621959089,-1.6643440378458627,0.4892464666588839,-1.6323402586992402,0.41059974334299115,0.5200491744143402,-3.4723355621959087,-0.8877089157150999,-3.104675820895149,0.031354540033213876,0.2560865135429648
213254,88772,ActiVote,2024-10-17,1000.0,2.200000000000003,-0.37430410117891544,1.4723355621959089,-1.634172949075833,0.4834914394252329,-1.6323402586992402,0.41059974334299115,2.5743041011789183,0.727664437804094,1.2580361575203247,-3.104675820895149,0.02338771685470605,0.2560865135429648
213434,88805,Suffolk,2024-10-18,1000.0,-1.0,-1.6774045895923577,1.4723355621959089,-1.6362232295138521,0.6830952356244527,-1.6303325614269228,0.45130412766205275,0.6774045895923576,-2.4723355621959087,-0.047072028165434876,-3.1026681236228315,0.04742545999927091,0.2560865135429648
213433,88805,Suffolk,2024-10-18,1000.0,-0.8999999999999986,-1.5774045895923563,1.4723355621959089,-1.6333145334407675,0.6659909003875005,-1.6303325614269228,0.45130412766205275,0.6774045895923576,-2.3723355621959072,0.052927971834566545,-3.1026681236228315,0.049451943754001595,0.2560865135429648
213563,88854,Morning Consult,2024-10-18,8204.0,-4.0,-1.8863233150654901,1.4723355621959089,-1.7029408294689319,0.5669952559449517,-1.6303325614269228,0.45130412766205275,-2.11367668493451,-5.472335562195909,-0.25599075363856727,-3.1026681236228315,0.2751931991492616,0.2560865135429648
213345,88793,TIPP,2024-10-18,1223.0,-1.0,-1.52004917441434,1.4723355621959089,-1.695671615876197,0.5556131109003547,-1.6303325614269228,0.45130412766205275,0.5200491744143402,-2.4723355621959087,0.11028338701258278,-3.1026681236228315,0.03974601022974464,0.2560865135429648
213974,88910,Hart/POS,2024-10-19,1000.0,2.0,-0.285657156201335,1.4723355621959089,-1.6157216003226988,0.7299094680533565,-1.5761306524902412,0.46176761491958285,2.285657156201335,0.5276644378040911,1.2904734962889062,-3.04846621468615,0.0567015572109338,0.2560865135429648
213564,88855,Morning Consult,2024-10-19,8170.0,-4.0,-1.8863233150654901,1.4723355621959089,-1.7002359069447333,0.6052882153185603,-1.5761306524902412,0.46176761491958285,-2.11367668493451,-5.472335562195909,-0.3101926625752489,-3.04846621468615,0.3123199226670306,0.2560865135429648
213379,88802,TIPP,2024-10-19,1254.0,2.0,1.47995082558566,1.4723355621959089,-1.5549331589052213,0.5912987415285783,-1.5761306524902412,0.46176761491958285,0.5200491744143402,0.5276644378040911,3.0560814780759014,-3.04846621468615,0.045690005103536234,0.2560865135429648
213565,88856,Morning Consult,2024-10-20,8570.0,-4.0,-1.8863233150654901,1.4723355621959089,-1.6713630745401036,0.62682380458074,-1.5916565712966002,0.4430819173123777,-2.11367668493451,-5.472335562195909,-0.2946667437688899,-3.0639921334925093,0.35133788216260037,0.2560865135429648
213459,88806,TIPP,2024-10-20,1244.0,1.0,0.4799508255856598,1.4723355621959089,-1.566082981456684,0.611293801574707,-1.5916565712966002,0.4430819173123777,0.5200491744143402,-0.4723355621959089,2.07160739688226,-3.0639921334925093,0.04893757860127484,0.2560865135429648
213680,88861,Redfield & Wilton Strategies,2024-10-21,1189.0,2.0,-0.40576567904084726,1.4723355621959089,-1.478716964263592,0.7631175450361618,-1.6091823941951493,0.3549942055743432,2.4057656790408473,0.5276644378040911,1.203416715154302,-3.081517956391058,0.07529493614478686,0.2560865135429648
213572,88858,Ipsos,2024-10-21,3307.0,-3.0,-2.664967410894004,1.4723355621959089,-1.682385280789635,0.6945246670146862,-1.6091823941951493,0.3549942055743432,-0.3350325891059959,-4.472335562195909,-1.0557850166988547,-3.081517956391058,0.17169082389352963,0.2560865135429648
213721,88858,Ipsos,2024-10-21,4129.0,-2.0,-1.664967410894004,1.4723355621959089,-1.6789119150042981,0.6214292499472645,-1.6091823941951493,0.3549942055743432,-0.3350325891059959,-3.4723355621959087,-0.05578501669885472,-3.081517956391058,0.19941392409918599,0.2560865135429648
213718,88867,YouGov,2024-10-21,1189.0,-3.0,-2.1607106674615344,1.4723355621959089,-1.701601111144767,0.6066204151052488,-1.6091823941951493,0.3549942055743432,-0.8392893325384656,-4.472335562195909,-0.5515282732663851,-3.081517956391058,0.047092683459122806,0.2560865135429648
213717,88867,YouGov,2024-10-21,1266.0,-2.0,-1.1607106674615344,1.4723355621959089,-1.6755206225464414,0.591814819274233,-1.6091823941951493,0.3549942055743432,-0.8392893325384656,-3.4723355621959087,0.4484717267336149,-3.081517956391058,0.04821769159153357,0.2560865135429648
213571,88858,Ipsos,2024-10-21,3481.0,-3.0,-2.664967410894004,1.4723355621959089,-1.7948392645568076,0.5549849713576106,-1.6091823941951493,0.3549942055743432,-0.3350325891059959,-4.472335562195909,-1.0557850166988547,-3.081517956391058,0.12059126717631358,0.2560865135429648
213723,88858,Ipsos,2024-10-21,3307.0,-2.0,-1.664967410894004,1.4723355621959089,-1.7818886309539461,0.5265872899550872,-1.6091823941951493,0.3549942055743432,-0.3350325891059959,-3.4723355621959087,-0.05578501669885472,-3.081517956391058,0.09971855515735077,0.2560865135429648
213720,88858,Ipsos,2024-10-21,4129.0,-2.0,-1.664967410894004,1.4723355621959089,-1.767243685957425,0.492505579016176,-1.6091823941951493,0.3549942055743432,-0.3350325891059959,-3.4723355621959087,-0.05578501669885472,-3.081517956391058,0.1252548082291071,0.2560865135429648
213722,88858,Ipsos,2024-10-21,3481.0,-2.0,-1.664967410894004,1.4723355621959089,-1.758285747010383,0.47044320121600564,-1.6091823941951493,0.3549942055743432,-0.3350325891059959,-3.4723355621959087,-0.05578501669885472,-3.081517956391058,0.0875856980662158,0.2560865135429648
213826,88888,Monmouth,2024-10-21,802.0,-3.0,-1.6062559736998334,1.4723355621959089,-1.7553743050369695,0.4659168211172055,-1.6091823941951493,0.3549942055743432,-1.3937440263001666,-4.472335562195909,0.0029264204953158846,-3.081517956391058,0.019150472371396946,0.2560865135429648
214523,88995,Morning Consult,2024-10-21,8940.0,-4.0,-1.8863233150654901,1.4723355621959089,-1.7774252690834809,0.42488101308200227,-1.6091823941951493,0.3549942055743432,-2.11367668493451,-5.472335562195909,-0.2771409208703408,-3.081517956391058,0.16839351471010455,0.2560865135429648
213566,88857,TIPP,2024-10-21,1268.0,0.0,-0.5200491744143402,1.4723355621959089,-1.7481423750914444,0.41990436356564637,-1.6091823941951493,0.3549942055743432,0.5200491744143402,-1.4723355621959089,1.089133219780809,-3.081517956391058,0.023288890345685903,0.2560865135429648
213984,88917,Fabrizio/GBAO,2024-10-22,1500.0,2.0,-1.9044344110916258,1.4723355621959089,-1.758439631424028,0.6355448287776538,-1.407357061189788,0.36041109951974304,3.904434411091626,0.5276644378040911,-0.4970773499018377,-2.879692623385697,0.06588471553708418,0.2560865135429648
213867,88889,HarrisX,2024-10-22,1244.0,2.0,1.290144971737968,1.4723355621959089,-1.6125296930809156,0.6201492810766722,-1.407357061189788,0.36041109951974304,0.709855028262032,0.5276644378040911,2.697502032927756,-2.879692623385697,0.0478615348879524,0.2560865135429648
213868,88889,HarrisX,2024-10-22,1512.0,0.0,-0.709855028262032,1.4723355621959089,-1.5609754899121775,0.6021797313681151,-1.407357061189788,0.3604110995197431,0.709855028262032,-1.4723355621959089,0.6975020329277561,-2.879692623385697,0.057112717547115596,0.2560865135429648
213869,88889,HarrisX,2024-10-22,1244.0,1.0,0.29014497173796805,1.4723355621959089,-1.478706338831288,0.5886463517818612,-1.407357061189788,0.3604110995197431,0.709855028262032,-0.4723355621959089,1.6975020329277561,-2.879692623385697,0.04444289433630495,0.2560865135429648
213745,88873,TIPP,2024-10-22,1294.0,-2.0,-2.52004917441434,1.4723355621959089,-1.5251914554153,0.5753578952632619,-1.407357061189788,0.3604110995197431,0.5200491744143402,-3.4723355621959087,-1.112692113224552,-2.879692623385697,0.04463958937978856,0.2560865135429648
214976,89105,Paradigm,2024-10-22,1000.0,-2.0,-1.4044344110916263,1.4723355621959089,-1.5210817747819316,0.5654826748851742,-1.407357061189788,0.3604110995197431,-0.5955655889083739,-3.4723355621959087,0.0029226500981618386,-2.879692623385697,0.03403263682367941,0.2560865135429648
213744,88872,YouGov,2024-10-22,1293.0,-3.0,-2.1607106674615344,1.4723355621959089,-1.5477831882135862,0.5535537705871975,-1.407357061189788,0.3604110995197431,-0.8392893325384656,-4.472335562195909,-0.7533536062717463,-2.879692623385697,0.04174516463725378,0.2560865135429648
213985,88917,Fabrizio/GBAO,2024-10-22,1500.0,3.0,-0.9044344110916258,1.4723355621959089,-1.5180660714078638,0.5406179394899635,-1.407357061189788,0.3604110995197431,3.904434411091626,1.5276644378040911,0.5029226500981623,-2.879692623385697,0.0461913006793342,0.2560865135429648
214524,88996,Morning Consult,2024-10-22,8914.0,-4.0,-1.8863233150654901,1.4723355621959089,-1.5967755374903545,0.4793744927526092,-1.407357061189788,0.3604110995197431,-2.11367668493451,-5.472335562195909,-0.478966253875702,-2.879692623385697,0.21373501115885182,0.2560865135429648
214406,88964,ABC News/Ipsos,2024-10-22,1913.0,-4.0,-3.489655378107276,1.4723355621959089,-1.678167909190376,0.4689548867852454,-1.407357061189788,0.3604110995197431,-0.5103446218927237,-5.472335562195909,-2.082298316917488,-2.879692623385697,0.04299922792431166,0.2560865135429648
214405,88964,ABC News/Ipsos,2024-10-22,2392.0,-2.0,-1.4896553781072763,1.4723355621959089,-1.6683708609505217,0.45660645097731833,-1.407357061189788,0.3604110995197431,-0.5103446218927237,-3.4723355621959087,-0.08229831691748823,-2.879692623385697,0.0519702758408975,0.2560865135429648
214404,88964,ABC News/Ipsos,2024-10-22,2808.0,-1.0,-0.48965537810727633,1.4723355621959089,-1.5999421339141513,0.44315446410280723,-1.407357061189788,0.3604110995197431,-0.5103446218927237,-2.4723355621959087,0.9177016830825118,-2.879692623385697,0.05805364231859391,0.2560865135429648
213866,88889,HarrisX,2024-10-22,1512.0,2.0,1.290144971737968,1.4723355621959089,-1.5165675400499465,0.4367155215131436,-1.407357061189788,0.3604110995197431,0.709855028262032,0.5276644378040911,2.697502032927756,-2.879692623385697,0.028848470934024747,0.2560865135429648
213743,88872,YouGov,2024-10-22,1422.0,-2.0,-1.1607106674615344,1.4723355621959089,-1.506584304809418,0.4305461195917669,-1.407357061189788,0.3604110995197431,-0.8392893325384656,-3.4723355621959087,0.2466463937282537,-2.879692623385697,0.028054074571928576,0.2560865135429648
213969,88907,TIPP,2024-10-23,1294.0,-3.0,-3.52004917441434,1.4723355621959089,-1.6186632044593128,0.6456647244677374,-1.2702757416661012,0.3561424538676164,0.5200491744143402,-4.472335562195909,-2.249773432748239,-2.7426113038620104,0.05566469092251233,0.2560865135429648
214032,88923,Big Village,2024-10-23,1592.0,-6.600000000000001,-2.034029210780229,1.4723355621959089,-1.645478960702404,0.6244751781848845,-1.2702757416661012,0.3561424538676164,-4.565970789219772,-8.07233556219591,-0.7637534691141279,-2.7426113038620104,0.06455934244742513,0.2560865135429648
214102,88934,OnMessage Inc.,2024-10-23,800.0,1.0,-1.673149096454977,1.4723355621959089,-1.6463771423406848,0.6142562324343263,-1.2702757416661012,0.3561424538676164,2.673149096454977,-0.4723355621959089,-0.40287335478887565,-2.7426113038620104,0.03246032640795037,0.2560865135429648
214259,88951,CNN/SSRS,2024-10-23,1704.0,-1.0,-1.7673625441135603,1.4723355621959089,-1.6542011754155148,0.5940625593924933,-1.2702757416661012,0.35614245386761645,0.7673625441135604,-2.4723355621959087,-0.49708680244745906,-2.7426113038620104,0.06466923248738783,0.2560865135429648
214030,88923,Big Village,2024-10-23,2026.0,-5.100000000000001,-0.5340292107802291,1.4723355621959089,-1.5691687948005348,0.5710699272413057,-1.2702757416661012,0.35614245386761645,-4.565970789219772,-6.57233556219591,0.7362465308858721,-2.7426113038620104,0.0759101131786186,0.2560865135429648
214105,88930,Siena/NYT,2024-10-23,2516.0,0.0,-1.156666824202993,1.4723355621959089,-1.5360524611492512,0.5476671845265558,-1.2702757416661012,0.35614245386761645,1.156666824202993,-1.4723355621959089,0.1136089174631083,-2.7426113038620104,0.08028163745087524,0.2560865135429648
214107,88930,Siena/NYT,2024-10-23,2516.0,0.0,-1.156666824202993,1.4723355621959089,-1.5084028106436824,0.5273326706672463,-1.2702757416661012,0.35614245386761645,1.156666824202993,-1.4723355621959089,0.1136089174631083,-2.7426113038620104,0.07288006664702865,0.2560865135429648
214298,88952,Tufts,2024-10-23,633.0,-1.0,0.23263745588643947,1.4723355621959089,-1.4773683857291218,0.5226116273574604,-1.2702757416661012,0.35614245386761645,-1.2326374558864395,-2.4723355621959087,1.5029131975525407,-2.7426113038620104,0.01782521950305721,0.2560865135429648
214108,88930,Siena/NYT,2024-10-23,2516.0,1.0,-0.15666682420299294,1.4723355621959089,-1.3864871562601067,0.5043099729916851,-1.2702757416661012,0.35614245386761645,1.156666824202993,-0.4723355621959089,1.1136089174631083,-2.7426113038620104,0.06881284320130415,0.2560865135429648
214258,88951,CNN/SSRS,2024-10-23,1704.0,0.0,-0.7673625441135604,1.4723355621959089,-1.3592011399912745,0.49307179901042436,-1.2702757416661012,0.35614245386761645,0.7673625441135604,-1.4723355621959089,0.5029131975525408,-2.7426113038620104,0.04407192951711248,0.2560865135429648
214106,88930,Siena/NYT,2024-10-23,2516.0,1.0,-0.15666682420299294,1.4723355621959089,-1.2834518826686714,0.4772895925596333,-1.2702757416661012,0.35614245386761645,1.156666824202993,-0.4723355621959089,1.1136089174631083,-2.7426113038620104,0.06299134779613184,0.2560865135429648
214297,88952,Tufts,2024-10-23,1033.0,-4.0,-2.7673625441135608,1.4723355621959089,-1.3197536276023916,0.47141534133952245,-1.2702757416661012,0.35614245386761645,-1.2326374558864395,-5.472335562195909,-1.4970868024474595,-2.7426113038620104,0.02446356500894256,0.2560865135429648
214518,88991,Clarity,2024-10-23,1314.0,-4.0,-1.2673625441135603,1.4723355621959089,-1.3182045310120873,0.4643936566301911,-1.2702757416661012,0.35614245386761645,-2.7326374558864397,-5.472335562195909,0.002913197552540936,-2.7426113038620104,0.029567943381711696,0.2560865135429648
214031,88923,Big Village,2024-10-23,1739.0,-5.799999999999997,-1.2340292107802249,1.4723355621959089,-1.3149028459596512,0.45519488423552995,-1.2702757416661012,0.35614245386761645,-4.565970789219772,-7.272335562195906,0.03624653088587637,-2.7426113038620104,0.03922390842519448,0.2560865135429648
214525,88997,Morning Consult,2024-10-23,8882.0,-2.0,0.11367668493450989,1.4723355621959089,-1.0850119991008131,0.41696381125458676,-1.2702757416661012,0.35614245386761645,-2.11367668493451,-3.4723355621959087,1.3839524266006111,-2.7426113038620104,0.1609226801079443,0.2560865135429648
214352,88956,Emerson,2024-10-24,1000.0,0.0,-1.2098029636754126,1.4723355621959089,-1.0902261466142926,0.641857386568554,-1.5431612124628058,0.3773399429275407,1.2098029636754126,-1.4723355621959089,0.3333582487873932,-3.0154967746587147,0.04178305321426107,0.2560865135429648
215716,89222,Deltapoll,2024-10-24,3041.0,-3.0,-1.5402636800741474,1.4723355621959089,-1.1408211479128683,0.6047018937242734,-1.5431612124628058,0.3773399429275407,-1.4597363199258526,-4.472335562195909,0.0028975323886584192,-3.0154967746587147,0.11242395919648064,0.2560865135429648
214526,88998,Morning Consult,2024-10-24,8669.0,-4.0,-1.8863233150654901,1.4723355621959089,-1.3261128826823123,0.5241945117069744,-1.5431612124628058,0.3773399429275407,-2.11367668493451,-5.472335562195909,-0.3431621026026843,-3.0154967746587147,0.24854620540829409,0.2560865135429648
214100,88932,ActiVote,2024-10-24,1000.0,-0.20000000000000284,-2.774304101178921,1.4723355621959089,-1.3648422152480046,0.5171376802052605,-1.5431612124628058,0.3773399429275407,2.5743041011789183,-1.6723355621959117,-1.2311428887161153,-3.0154967746587147,0.02674324500178784,0.2560865135429648
214099,88931,TIPP,2024-10-24,1357.0,-2.0,-2.52004917441434,1.4723355621959089,-1.4069381780856316,0.5076279440415367,-1.5431612124628058,0.3773399429275407,0.5200491744143402,-3.4723355621959087,-0.9768879619515343,-3.0154967746587147,0.036440191520319236,0.2560865135429648
214487,88989,CES / YouGov,2024-10-25,48732.0,-4.0,-1.1756651448167474,1.4723355621959089,-1.2406478969355976,0.3799461427078443,-1.678538626822894,0.23543232739136427,-2.8243348551832526,-5.472335562195909,0.5028734820061465,-3.150874189018803,0.7190214907446665,0.2560865135429648
214348,88958,TIPP,2024-10-25,1333.0,0.0,-0.5200491744143402,1.4723355621959089,-1.2264874417887555,0.3761944674330906,-1.678538626822894,0.23543232739136427,0.5200491744143402,-1.4723355621959089,1.1584894524085536,-3.150874189018803,0.019650957883046508,0.2560865135429648
214527,88999,Morning Consult,2024-10-25,8443.0,-4.0,-1.8863233150654901,1.4723355621959089,-1.2996323640254854,0.354730995419707,-1.678538626822894,0.23543232739136427,-2.11367668493451,-5.472335562195909,-0.20778468824259622,-3.150874189018803,0.11085320637917617,0.2560865135429648
214486,88989,CES / YouGov,2024-10-25,78247.0,-5.0,-2.1756651448167474,1.4723355621959089,-1.7414887849010345,0.24973076377488831,-1.678538626822894,0.23543232739136427,-2.8243348551832526,-6.472335562195909,-0.49712651799385355,-3.150874189018803,0.5043834324058624,0.2560865135429648
214407,88961,YouGov,2024-10-25,2154.0,-1.0,-0.1607106674615344,1.4723355621959089,-1.7203239256848044,0.2480533216243183,-1.678538626822894,0.23543232739136427,-0.8392893325384656,-2.4723355621959087,1.5178279593613595,-3.150874189018803,0.013388886765786347,0.2560865135429648
215252,89151,Cygnal,2024-10-26,1507.0,-1.1000000000000014,-0.5517345639355898,1.4723355621959089,-1.6619826034530496,0.5493269275536669,-1.5046304002659598,0.393729636236085,-0.5482654360644116,-2.57233556219591,0.95289583633037,-2.9769659624618687,0.049924570718687805,0.2560865135429648
215253,89151,Cygnal,2024-10-26,1507.0,-3.0,-2.4517345639355885,1.4723355621959089,-1.69745074530218,0.536849962976483,-1.5046304002659598,0.393729636236085,-0.5482654360644116,-4.472335562195909,-0.9471041636696287,-2.9769659624618687,0.04491048281470497,0.2560865135429648
214402,88962,TIPP,2024-10-26,1292.0,0.0,-0.5200491744143402,1.4723355621959089,-1.653486984949262,0.5267317171204223,-1.5046304002659598,0.393729636236085,0.5200491744143402,-1.4723355621959089,0.9845812258516197,-2.9769659624618687,0.03733964812002627,0.2560865135429648
214528,89000,Morning Consult,2024-10-26,8472.0,-4.0,-1.8863233150654901,1.4723355621959089,-1.6993444973138128,0.4720198930530519,-1.5046304002659598,0.393729636236085,-2.11367668493451,-5.472335562195909,-0.38169291479953027,-2.9769659624618687,0.19695170569669923,0.2560865135429648
214802,89028,Ipsos,2024-10-27,1150.0,1.0,1.335032589105996,1.4723355621959089,-1.506147517171195,0.6696257889205475,-1.280828639908799,0.4071316211113085,-0.3350325891059959,-0.4723355621959089,2.615861229014795,-2.753164202104708,0.06366940384807819,0.2560865135429648
214699,89037,Florida Atlantic University/Mainstreet Research,2024-10-27,937.0,-1.0,-0.7779176081755306,1.4723355621959089,-1.4753015774636151,0.6552905351767205,-1.280828639908799,0.4071316211113085,-0.22208239182446948,-2.4723355621959087,0.5029110317332683,-2.753164202104708,0.0423574194448031,0.2560865135429648
214700,89037,Florida Atlantic University/Mainstreet Research,2024-10-27,911.0,-2.0,-1.7779176081755306,1.4723355621959089,-1.4871547565881469,0.6423287923083162,-1.280828639908799,0.4071316211113085,-0.22208239182446948,-3.4723355621959087,-0.49708896826673166,-2.753164202104708,0.03916903905139066,0.2560865135429648
214678,89028,Ipsos,2024-10-27,850.0,-1.0,-0.664967410894004,1.4723355621959089,-1.4572740573343541,0.6305487151471606,-1.280828639908799,0.4071316211113085,-0.3350325891059959,-2.4723355621959087,0.6158612290147949,-2.753164202104708,0.036342932557014186,0.2560865135429648
214532,89004,Angus Reid,2024-10-27,1928.0,-2.0,-1.2779176081755304,1.4723355621959089,-1.4440063954751086,0.606778666891188,-1.280828639908799,0.4071316211113085,-0.7220823918244695,-3.4723355621959087,0.0029110317332685653,-2.753164202104708,0.07397370945661823,0.2560865135429648
214529,89001,Morning Consult,2024-10-27,8807.0,-3.0,-0.8863233150654901,1.4723355621959089,-1.304190083031707,0.5252372105289388,-1.280828639908799,0.4071316211113085,-2.11367668493451,-4.472335562195909,0.3945053248433088,-2.753164202104708,0.2507092600706235,0.2560865135429648
214877,89089,Noble Predictive Insights,2024-10-27,707.0,-3.0,-1.2779176081755306,1.4723355621959089,-1.3036610473336632,0.5199220978899382,-1.280828639908799,0.4071316211113085,-1.7220823918244694,-4.472335562195909,0.0029110317332683433,-2.753164202104708,0.02013650030840923,0.2560865135429648
214677,89028,Ipsos,2024-10-27,975.0,-1.0,-0.664967410894004,1.4723355621959089,-1.284879056150283,0.5122204097045141,-1.280828639908799,0.4071316211113085,-0.3350325891059959,-2.4723355621959087,0.6158612290147949,-2.753164202104708,0.02940688635646784,0.2560865135429648
214473,88979,TIPP,2024-10-27,1288.0,0.0,-0.5200491744143402,1.4723355621959089,-1.2588715662979204,0.5034362458163073,-1.280828639908799,0.4071316211113085,0.5200491744143402,-1.4723355621959089,0.7607794654944587,-2.753164202104708,0.034004280524883676,0.2560865135429648
216254,89344,Navigator,2024-10-28,1000.0,-3.0,-1.3000936060289352,1.4723355621959089,-1.2609718594402655,0.6953944257983108,-1.3030142923480734,0.3938348580114503,-1.6999063939710648,-4.472335562195909,0.0029206863191382215,-2.7753498545439825,0.05095073305566983,0.2560865135429648
215440,89183,HarrisX,2024-10-28,1475.0,0.0,-0.709855028262032,1.4723355621959089,-1.2235814470560789,0.6713906949528037,-1.3030142923480734,0.3938348580114503,0.709855028262032,-1.4723355621959089,0.5931592640860415,-2.7753498545439825,0.0678448021706207,0.2560865135429648
215439,89183,HarrisX,2024-10-28,1717.0,-1.0,-1.709855028262032,1.4723355621959089,-1.2595176331106916,0.646106315158453,-1.3030142923480734,0.3938348580114503,0.709855028262032,-2.4723355621959087,-0.40684073591395853,-2.7753498545439825,0.07390116889651178,0.2560865135429648
215438,89183,HarrisX,2024-10-28,1475.0,0.0,-0.709855028262032,1.4723355621959089,-1.2276356183652226,0.6270884086400116,-1.3030142923480734,0.39383485801145035,0.709855028262032,-1.4723355621959089,0.5931592640860415,-2.7753498545439825,0.05800288115697267,0.2560865135429648
216253,89344,Navigator,2024-10-28,1000.0,-3.0,-1.3000936060289352,1.4723355621959089,-1.2306399044436236,0.6139504716219792,-1.3030142923480734,0.39383485801145035,-1.6999063939710648,-4.472335562195909,0.0029206863191382215,-2.7753498545439825,0.041462455351980065,0.2560865135429648
215849,89254,Morning Consult,2024-10-28,9148.0,-4.0,-1.8863233150654901,1.4723355621959089,-1.404127803878695,0.526499327765306,-1.3030142923480734,0.39383485801145035,-2.11367668493451,-5.472335562195909,-0.5833090227174167,-2.7753498545439825,0.26459095445244113,0.2560865135429648
214530,89002,TIPP,2024-10-28,1291.0,-1.0,-1.52004917441434,1.4723355621959089,-1.4083364895021644,0.5168533224302875,-1.3030142923480734,0.39383485801145035,0.5200491744143402,-2.4723355621959087,-0.21703488206626664,-2.7753498545439825,0.036306382542081246,0.2560865135429648
215437,89183,HarrisX,2024-10-28,1717.0,0.0,-0.709855028262032,1.4723355621959089,-1.3777039401030193,0.5053927200394539,-1.3030142923480734,0.39383485801145035,0.709855028262032,-1.4723355621959089,0.5931592640860415,-2.7753498545439825,0.04385592331220633,0.2560865135429648
215850,89255,Morning Consult,2024-10-29,8999.0,-3.0,-0.8863233150654901,1.4723355621959089,-1.2194664898486371,0.5888881223400655,-1.228130271558459,0.33045386832557583,-2.11367668493451,-4.472335562195909,0.3418069564929689,-2.700465833754368,0.32202623015976034,0.2560865135429648
215522,89196,Big Data Poll,2024-10-29,2814.0,0.5999999999999943,-1.0502033233511618,1.4723355621959089,-1.2044167969695978,0.5620988853352539,-1.228130271558459,0.33045386832557583,1.6502033233511562,-0.8723355621959146,0.17792694820729715,-2.700465833754368,0.08891298201764357,0.2560865135429648
214737,89056,AtlasIntel,2024-10-29,3032.0,1.6999999999999957,-0.9798267737617845,1.4723355621959089,-1.1843935175489588,0.5364571156394785,-1.228130271558459,0.33045386832557583,2.6798267737617802,0.22766443780408685,0.2483034977966745,-2.700465833754368,0.08915480364909904,0.2560865135429648
214874,89088,YouGov,2024-10-29,1446.0,-1.0,-0.1607106674615344,1.4723355621959089,-1.1405450190164883,0.5248420546403507,-1.228130271558459,0.33045386832557583,-0.8392893325384656,-2.4723355621959087,1.0674196040969246,-2.700465833754368,0.04283406577410751,0.2560865135429648
214876,89090,TIPP,2024-10-29,1302.0,-0.7999999999999972,-1.3200491744143372,1.4723355621959089,-1.1470230557922687,0.5152846514167356,-1.228130271558459,0.33045386832557583,0.5200491744143402,-2.272335562195906,-0.09191890285587823,-2.700465833754368,0.03608850592579652,0.2560865135429648
214917,89090,TIPP,2024-10-29,1302.0,-1.0,-1.52004917441434,1.4723355621959089,-1.1601221703720033,0.5061564803503484,-1.228130271558459,0.33045386832557583,0.5200491744143402,-2.4723355621959087,-0.29191890285588107,-2.700465833754368,0.03511581073229285,0.2560865135429648
215025,89115,RABA Research,2024-10-29,781.0,-4.0,-1.2252033233511552,1.4723355621959089,-1.161509832744157,0.500731263244304,-1.228130271558459,0.33045386832557583,-2.7747966766488448,-5.472335562195909,0.00292694820730377,-2.700465833754368,0.021322031166199327,0.2560865135429648
215117,89134,J.L. Partners,2024-10-29,1000.0,3.0,-1.2252033233511552,1.4723355621959089,-1.163149169953529,0.49424537024606696,-1.228130271558459,0.33045386832557583,4.225203323351155,1.5276644378040911,0.00292694820730377,-2.700465833754368,0.025737908124504466,0.2560865135429648
214736,89056,AtlasIntel,2024-10-29,3032.0,2.5,-0.17982677376178025,1.4723355621959089,-1.0930151326847894,0.47629368974783715,-1.228130271558459,0.33045386832557583,2.6798267737617802,1.0276644378040911,1.0483034977966788,-2.700465833754368,0.07132354306213064,0.2560865135429648
214875,89088,YouGov,2024-10-29,1310.0,-2.0,-1.1607106674615344,1.4723355621959089,-1.09504863664455,0.4690854597610934,-1.228130271558459,0.33045386832557583,-0.8392893325384656,-3.4723355621959087,0.0674196040969246,-2.700465833754368,0.030038967362719052,0.2560865135429648
215523,89196,Big Data Poll,2024-10-29,2992.0,0.20000000000000284,-1.4502033233511533,1.4723355621959089,-1.1169864934499898,0.45436687317153474,-1.228130271558459,0.33045386832557583,1.6502033233511562,-1.272335562195906,-0.22207305179269432,-2.700465833754368,0.061769864305811946,0.2560865135429648
215525,89196,Big Data Poll,2024-10-29,2992.0,0.20000000000000284,-1.4502033233511533,1.4723355621959089,-1.1375739948420427,0.4401067760584768,-1.228130271558459,0.33045386832557583,1.6502033233511562,-1.272335562195906,-0.22207305179269432,-2.700465833754368,0.06178409835469426,0.2560865135429648
215281,89155,HarrisX,2024-10-29,3718.0,-1.0,-1.709855028262032,1.4723355621959089,-1.1771290854049337,0.4246247480357241,-1.228130271558459,0.33045386832557583,0.709855028262032,-2.4723355621959087,-0.48172475670357295,-2.700465833754368,0.06911829722279485,0.2560865135429648
215118,89134,J.L. Partners,2024-10-29,1000.0,3.0,-1.2252033233511552,1.4723355621959089,-1.1780071943283186,0.4207288446037118,-1.228130271558459,0.33045386832557583,4.225203323351155,1.5276644378040911,0.00292694820730377,-2.700465833754368,0.018265685758082167,0.2560865135429648
215279,89155,HarrisX,2024-10-29,3718.0,-2.0,-2.709855028262032,1.4723355621959089,-1.272633406421259,0.40752696050689063,-1.228130271558459,0.33045386832557583,0.709855028262032,-3.4723355621959087,-1.481724756703573,-2.700465833754368,0.061772592549186024,0.2560865135429648
215278,89155,HarrisX,2024-10-29,4523.0,-2.0,-2.709855028262032,1.4723355621959089,-1.3730877752121504,0.3930269881709042,-1.228130271558459,0.33045386832557583,0.709855028262032,-3.4723355621959087,-1.481724756703573,-2.700465833754368,0.0698948354688896,0.2560865135429648
215524,89196,Big Data Poll,2024-10-29,2814.0,0.7000000000000028,-0.9502033233511533,1.4723355621959089,-1.354639804816439,0.3843586648741959,-1.228130271558459,0.33045386832557583,1.6502033233511562,-0.772335562195906,0.2779269482073057,-2.700465833754368,0.043624139678172615,0.2560865135429648
215280,89155,HarrisX,2024-10-29,4523.0,-1.0,-1.709855028262032,1.4723355621959089,-1.3779846271249117,0.3715139718038309,-1.228130271558459,0.33045386832557583,0.709855028262032,-2.4723355621959087,-0.48172475670357295,-2.700465833754368,0.06572021908866249,0.2560865135429648
215071,89128,American Pulse,2024-10-30,822.0,-1.8000000000000043,-0.9471628660887175,1.4723355621959089,-1.3635675107265262,0.6171876437882866,-0.9500912346993962,0.39888364716259195,-0.8528371339112868,-3.272335562195913,0.002928368610678689,-2.422426796895305,0.0334642251211037,0.2560865135429648
215026,89114,TIPP,2024-10-30,1265.0,0.0,-0.5200491744143402,1.4723355621959089,-1.3232513989395185,0.6022577679944824,-0.9500912346993962,0.39888364716259195,0.5200491744143402,-1.4723355621959089,0.430042060285056,-2.422426796895305,0.04779518126810055,0.2560865135429648
215024,89114,TIPP,2024-10-30,1265.0,0.0,-0.5200491744143402,1.4723355621959089,-1.286613326344394,0.5883614530809451,-0.9500912346993962,0.39888364716259195,0.5200491744143402,-1.4723355621959089,0.430042060285056,-2.422426796895305,0.045615003888695244,0.2560865135429648
215072,89128,American Pulse,2024-10-30,822.0,-1.7999999999999972,-0.9471628660887104,1.4723355621959089,-1.276857952036904,0.5798454424654566,-0.9500912346993962,0.39888364716259195,-0.8528371339112868,-3.272335562195906,0.0029283686106857942,-2.422426796895305,0.028738727589710456,0.2560865135429648
215588,89210,Quantus Insights,2024-10-30,1832.0,0.8000000000000043,-0.48828717748635575,1.4723355621959089,-1.2299520739742866,0.5623358496727998,-0.9500912346993962,0.39888364716259195,1.28828717748636,-0.6723355621959046,0.4618040572130404,-2.422426796895305,0.05948214107903239,0.2560865135429648
215851,89256,Morning Consult,2024-10-30,8868.0,-3.0,-0.8863233150654901,1.4723355621959089,-1.152833024347052,0.4952306748114267,-0.9500912346993962,0.39888364716259195,-2.11367668493451,-4.472335562195909,0.06376791963390605,-2.422426796895305,0.22442548135996676,0.2560865135429648
215400,89181,OnMessage Inc.,2024-10-30,800.0,2.0,-0.6731490964549769,1.4723355621959089,-1.1428124464068357,0.4900307002406776,-0.9500912346993962,0.39888364716259195,2.673149096454977,0.5276644378040911,0.27694213824441927,-2.422426796895305,0.02088995973713517,0.2560865135429648
215172,89141,AtlasIntel,2024-10-31,3490.0,1.8999999999999986,-0.7798267737617817,1.4723355621959089,-1.0874675950006172,0.6485043356747359,-0.7445638733768054,0.38760266253481124,2.6798267737617802,0.4276644378040897,-0.03526290038497626,-2.2168994355727145,0.15247117331911206,0.2560865135429648
215173,89141,AtlasIntel,2024-10-31,3490.0,1.3999999999999986,-1.2798267737617817,1.4723355621959089,-1.11257340608266,0.6047054216407768,-0.7445638733768054,0.38760266253481124,2.6798267737617802,-0.07233556219591031,-0.5352629003849763,-2.2168994355727145,0.13051527482977227,0.2560865135429648
215527,89195,Echelon Insights,2024-10-31,1328.0,-2.0,-0.7416338792844719,1.4723355621959089,-1.0950536573515988,0.5902523577176859,-0.7445638733768054,0.38760266253481124,-1.2583661207155281,-3.4723355621959087,0.002929994092333521,-2.2168994355727145,0.047230741038263496,0.2560865135429648
215526,89195,Echelon Insights,2024-10-31,1328.0,-2.0,-0.7416338792844719,1.4723355621959089,-1.0787972817657012,0.576517532964482,-0.7445638733768054,0.38760266253481124,-1.2583661207155281,-3.4723355621959087,0.002929994092333521,-2.2168994355727145,0.045997356669750016,0.2560865135429648
215758,89238,Kaplan Strategies,2024-10-31,671.0,1.0,-0.7416338792844719,1.4723355621959089,-1.0710627969541295,0.5698665497034112,-0.7445638733768054,0.38760266253481124,1.7416338792844719,-0.4723355621959089,0.002929994092333521,-2.2168994355727145,0.02293987056321235,0.2560865135429648
215351,89165,TIPP,2024-10-31,1249.0,1.0,0.4799508255856598,1.4723355621959089,-1.0088034127935015,0.5583118743142909,-0.7445638733768054,0.38760266253481124,0.5200491744143402,-0.4723355621959089,1.2245146989624653,-2.2168994355727145,0.04014109435007942,0.2560865135429648
215852,89257,Morning Consult,2024-10-31,8918.0,-2.0,0.11367668493450989,1.4723355621959089,-0.7566732252699834,0.49162559421518803,-0.7445638733768054,0.38760266253481124,-2.11367668493451,-3.4723355621959087,0.8582405583113153,-2.2168994355727145,0.2246188489522885,0.2560865135429648
216042,89288,YouGov,2024-10-31,1267.0,0.0,0.8392893325384656,1.4723355621959089,-0.7063211039978783,0.483808123225033,-0.7445638733768054,0.38760266253481124,-0.8392893325384656,-1.4723355621959089,1.583853205915271,-2.2168994355727145,0.03154968832179106,0.2560865135429648
216043,89288,YouGov,2024-10-31,1152.0,0.0,0.8392893325384656,1.4723355621959089,-0.6640934333762059,0.47715328582933203,-0.7445638733768054,0.38760266253481124,-0.8392893325384656,-1.4723355621959089,1.583853205915271,-2.2168994355727145,0.027321030981327394,0.2560865135429648
215354,89166,SoCal Strategies,2024-10-31,984.0,0.7999999999999972,-0.7416338792844719,1.4723355621959089,-0.6658094170707602,0.47184400462827064,-0.7445638733768054,0.38760266253481124,1.541633879284469,-0.6723355621959117,0.002929994092333521,-2.2168994355727145,0.022130175735439985,0.2560865135429648
215352,89165,TIPP,2024-10-31,1249.0,0.7000000000000028,0.17995082558566267,1.4723355621959089,-0.6420717052316773,0.4651753239808281,-0.7445638733768054,0.38760266253481124,0.5200491744143402,-0.772335562195906,0.9245146989624681,-2.2168994355727145,0.02806671517749032,0.2560865135429648
216044,89288,YouGov,2024-10-31,1267.0,0.0,0.8392893325384656,1.4723355621959089,-0.6009405841148127,0.4586718888283604,-0.7445638733768054,0.38760266253481124,-0.8392893325384656,-1.4723355621959089,1.583853205915271,-2.2168994355727145,0.02776576409676491,0.2560865135429648
216045,89288,YouGov,2024-10-31,1152.0,-1.0,-0.1607106674615344,1.4723355621959089,-0.5902083390457775,0.4530464737304634,-0.7445638733768054,0.38760266253481124,-0.8392893325384656,-2.4723355621959087,0.583853205915271,-2.2168994355727145,0.02437872725830166,0.2560865135429648
215867,89253,ABC News/Ipsos,2024-11-01,2267.0,-3.0,-2.489655378107276,1.4723355621959089,-0.7787410380067482,0.6446292007944914,-0.9371492929703729,0.4282502118168936,-0.5103446218927237,-4.472335562195909,-1.5525060851369032,-2.4094848551662817,0.09925662315603347,0.2560865135429648
215866,89253,ABC News/Ipsos,2024-11-01,2735.0,-3.0,-2.489655378107276,1.4723355621959089,-0.96170838635919,0.6091860998616102,-0.9371492929703729,0.4282502118168936,-0.5103446218927237,-4.472335562195909,-1.5525060851369032,-2.4094848551662817,0.10694126763920349,0.2560865135429648
215865,89253,ABC News/Ipsos,2024-11-01,3140.0,-3.0,-2.489655378107276,1.4723355621959089,-1.1287914218343462,0.5749144138815752,-0.9371492929703729,0.4282502118168936,-0.5103446218927237,-4.472335562195909,-1.5525060851369032,-2.4094848551662817,0.10935132984162013,0.2560865135429648
216546,89386,Targoz Market Research,2024-11-01,1088.0,-3.0,-0.4342179600679472,1.4723355621959089,-1.1034348684380249,0.5643227476438449,-0.9371492929703729,0.4282502118168936,-2.565782039932053,-4.472335562195909,0.5029313329024256,-2.4094848551662817,0.03650665450395416,0.2560865135429648
216545,89386,Targoz Market Research,2024-11-01,1200.0,-4.0,-1.4342179600679472,1.4723355621959089,-1.1163785009348184,0.5531715200064677,-0.9371492929703729,0.4282502118168936,-2.565782039932053,-5.472335562195909,-0.49706866709757436,-2.4094848551662817,0.039130272448371604,0.2560865135429648
215898,89252,Hart/POS,2024-11-02,1000.0,1.0,-1.285657156201335,1.4723355621959089,-1.1260274423960648,0.7280427131837406,-0.7871546086435952,0.38524292785292286,2.285657156201335,-0.4723355621959089,-0.4985025475577398,-2.259490170839504,0.05700034328636868,0.2560865135429648
215899,89252,Hart/POS,2024-11-02,1000.0,0.0,-2.285657156201335,1.4723355621959089,-1.1855293364583115,0.7091184180977682,-0.7871546086435952,0.38524292785292286,2.285657156201335,-1.4723355621959089,-1.4985025475577398,-2.259490170839504,0.05131111539647769,0.2560865135429648
215900,89277,ActiVote,2024-11-02,1000.0,1.0,-1.5743041011789183,1.4723355621959089,-1.2041446275448238,0.6919331955383737,-0.7871546086435952,0.38524292785292286,2.5743041011789183,-0.4723355621959089,-0.7871494925353231,-2.259490170839504,0.047881942903084854,0.2560865135429648
215854,89258,TIPP,2024-11-02,1305.0,1.0,0.4799508255856598,1.4723355621959089,-1.1014270922803486,0.6704997955959505,-0.7871546086435952,0.38524292785292286,0.5200491744143402,-0.4723355621959089,1.2671054342292551,-2.259490170839504,0.060992703871706605,0.2560865135429648
215853,89258,TIPP,2024-11-02,1305.0,1.0,0.4799508255856598,1.4723355621959089,-1.0112263523329537,0.6510966171146342,-0.7871546086435952,0.38524292785292286,0.5200491744143402,-0.4723355621959089,1.2671054342292551,-2.259490170839504,0.05703933191954298,0.2560865135429648
215771,89243,AtlasIntel,2024-11-02,2463.0,1.7999999999999972,-0.8798267737617831,1.4723355621959089,-0.9983570284887712,0.6183908594770121,-0.7871546086435952,0.3852429278529229,2.6798267737617802,0.32766443780408827,-0.09267216511818788,-2.259490170839504,0.09794037381339034,0.2560865135429648
215868,89251,Emerson,2024-11-02,1000.0,-0.19999999999999574,-1.4098029636754084,1.4723355621959089,-1.0137187028724326,0.6067369807805201,-0.7871546086435952,0.3852429278529229,1.2098029636754126,-1.6723355621959046,-0.6226483550318131,-2.259490170839504,0.037335827310319834,0.2560865135429648
216397,89366,HarrisX,2024-11-02,3759.0,-1.0,-1.709855028262032,1.4723355621959089,-1.1006383724908881,0.5675958377055905,-0.7871546086435952,0.3852429278529229,0.709855028262032,-2.4723355621959087,-0.9227004196184367,-2.259490170839504,0.1248601264555617,0.2560865135429648
216431,89366,HarrisX,2024-11-02,4520.0,-1.0,-1.709855028262032,1.4723355621959089,-1.1816167094150025,0.528528327271073,-0.7871546086435952,0.3852429278529229,0.709855028262032,-2.4723355621959087,-0.9227004196184367,-2.259490170839504,0.1329220666523184,0.2560865135429648
216287,89350,Marist College,2024-11-02,1297.0,-4.0,-2.459306386962595,1.4723355621959089,-1.2272407672244556,0.519006139543936,-0.7871546086435952,0.3852429278529229,-1.540693613037405,-5.472335562195909,-1.6721517783189999,-2.259490170839504,0.03570824638500988,0.2560865135429648
216398,89366,HarrisX,2024-11-02,3759.0,-2.0,-2.709855028262032,1.4723355621959089,-1.3636096533613082,0.49456174588907825,-0.7871546086435952,0.3852429278529229,0.709855028262032,-3.4723355621959087,-1.9227004196184367,-2.259490170839504,0.09197866884230403,0.2560865135429648
216430,89366,HarrisX,2024-11-02,4520.0,0.0,-0.709855028262032,1.4723355621959089,-1.298528675327144,0.46929986668569124,-0.7871546086435952,0.3852429278529229,0.709855028262032,-1.4723355621959089,0.07729958038156326,-2.259490170839504,0.09954954892178582,0.2560865135429648
216298,89350,Marist College,2024-11-02,1446.0,0.0,1.540693613037405,1.4723355621959089,-1.2091665102941376,0.46185540944466513,-0.7871546086435952,0.3852429278529229,-1.540693613037405,-1.4723355621959089,2.327848221681,-2.259490170839504,0.031474170021566404,0.2560865135429648
215772,89243,AtlasIntel,2024-11-02,2463.0,1.5,-1.1798267737617802,1.4723355621959089,-1.2076747444894145,0.44996082741027377,-0.7871546086435952,0.3852429278529229,2.6798267737617802,0.027664437804091113,-0.39267216511818503,-2.259490170839504,0.05084455353162623,0.2560865135429648
216606,89393,YouGov,2024-11-03,957.0,-3.0,-2.1607106674615344,1.4723355621959089,-1.2497926853723322,0.662031947684461,-0.25526183480235143,0.42577817441805976,-0.8392893325384656,-4.472335562195909,-1.905448832659183,-1.7275973969982603,0.044193445249754625,0.2560865135429648
216168,89318,TIPP,2024-11-03,1411.0,0.5,-0.020049174414340176,1.4723355621959089,-1.176159093131495,0.6419057138200249,-0.25526183480235143,0.42577817441805976,0.5200491744143402,-0.9723355621959089,0.23521266038801125,-1.7275973969982603,0.059877195191276475,0.2560865135429648
216258,89348,Research Co.,2024-11-03,1003.0,-2.0,-0.5938032665436865,1.4723355621959089,-1.1516236022879462,0.6282379978147148,-0.25526183480235143,0.42577817441805976,-1.4061967334563135,-3.4723355621959087,-0.3385414317413351,-1.7275973969982603,0.04213144219284125,0.2560865135429648
216138,89311,Leger,2024-11-03,886.0,-0.8999999999999986,-0.2523311487055151,1.4723355621959089,-1.1206070782030528,0.6173089969638947,-0.25526183480235143,0.42577817441805976,-0.6476688512944835,-2.3723355621959072,0.0029306860968363324,-1.7275973969982603,0.03448991922631564,0.2560865135429648
216084,89289,Patriot Polling,2024-11-03,1115.0,-1.2999999999999972,-0.2523311487055151,1.4723355621959089,-1.0843427104236767,0.6042802587503411,-0.25526183480235143,0.42577817441805976,-1.047668851294482,-2.772335562195906,0.0029306860968363324,-1.7275973969982603,0.04176594852786255,0.2560865135429648
216440,89367,Ipsos,2024-11-03,973.0,-2.0,-1.664967410894004,1.4723355621959089,-1.1046645815242473,0.5936111647245169,-0.25526183480235143,0.42577817441805976,-0.3350325891059959,-3.4723355621959087,-1.4097055760916526,-1.7275973969982603,0.03500001133969848,0.2560865135429648
216448,89371,John Zogby Strategies,2024-11-03,1005.0,-3.6000000000000014,-0.9023311487055135,1.4723355621959089,-1.0972015822712637,0.582560737487565,-0.25526183480235143,0.42577817441805976,-2.697668851294488,-5.07233556219591,-0.647069313903162,-1.7275973969982603,0.03688465692009182,0.2560865135429648
216449,89371,John Zogby Strategies,2024-11-03,1005.0,-2.3000000000000043,0.3976688512944837,1.4723355621959089,-1.0454168497444276,0.5723813794741148,-0.25526183480235143,0.42577817441805976,-2.697668851294488,-3.772335562195913,0.6529306860968351,-1.7275973969982603,0.0346416193430977,0.2560865135429648
216167,89318,TIPP,2024-11-03,1411.0,0.0,-0.5200491744143402,1.4723355621959089,-1.0212808504892816,0.5590788683940756,-0.25526183480235143,0.42577817441805976,0.5200491744143402,-1.4723355621959089,-0.26478733961198875,-1.7275973969982603,0.04594115776152636,0.2560865135429648
216439,89367,Ipsos,2024-11-03,1242.0,-2.0,-1.664967410894004,1.4723355621959089,-1.0510852239688442,0.5459820596153706,-0.25526183480235143,0.42577817441805976,-0.3350325891059959,-3.4723355621959087,-1.4097055760916526,-1.7275973969982603,0.04630261887217708,0.2560865135429648
216604,89392,TIPP,2024-11-04,1863.0,-0.10000000000000142,-0.6200491744143416,1.4723355621959089,-1.0095040182219188,0.7076171131946191,0.4284083829062837,0.3879073059792664,0.5200491744143402,-1.5723355621959103,-1.0484575573206252,-1.0439271792896252,0.09646804667475418,0.2560865135429648
216453,89372,AtlasIntel,2024-11-04,2703.0,1.1000000000000014,-1.5798267737617788,1.4723355621959089,-1.0791563709016379,0.6630006235515565,0.4284083829062837,0.3879073059792664,2.6798267737617802,-0.37233556219590747,-2.0082351566680625,-1.0439271792896252,0.1221279565003276,0.2560865135429648
216454,89372,AtlasIntel,2024-11-04,2703.0,1.2000000000000028,-1.4798267737617774,1.4723355621959089,-1.1221735936583819,0.626399425864058,0.4284083829062837,0.3879073059792665,2.6798267737617802,-0.27233556219590604,-1.908235156668061,-1.0439271792896252,0.1073631155425271,0.2560865135429648
216605,89392,TIPP,2024-11-04,1863.0,0.30000000000000426,-0.2200491744143359,1.4723355621959089,-1.0588921354513747,0.604029937307753,0.4284083829062837,0.3879073059792665,0.5200491744143402,-1.1723355621959046,-0.6484575573206196,-1.0439271792896252,0.07014715138742744,0.2560865135429648
