state_name,n,p_hat_trump,p_trump_true,p_harris_true,N_state,bias_trump,abs_bias_trump,f_s,bias_harris,p_hat_harris,DO_s,sigma_trump,rho_hat_trump,sigma_harris,rho_hat_harris,O_trump,O_harris,rho_lb_trump,rho_ub_trump,rho_lb_harris,rho_ub_harris,S2_trump,S2_harris,Var_SRS_trump,Var_SRS_harris,SE_SRS_trump,SE_SRS_harris,DU_trump,DU_harris,MSE_trump,MSE_harris,RMSE_trump,RMSE_harris,Deff_trump,Deff_harris,DI_trump,DI_harris,n_star_eff_trump,n_star_eff_harris,n_eff_trump,n_eff_harris,sigma2_trump,sigma2_harris,Me95_star_trump,Me95_star_harris,Me95_star_upper_trump,Me95_star_upper_harris
Alabama,427,0.5644028103044496,0.6457209205815222,0.3410072005968858,2265090,-0.08131811027707259,0.08131811027707259,0.00018851348070054612,0.07819654647571378,0.41920374707259955,5303.660421545667,0.4782942747983439,-0.0023345557014921477,0.4740477715778876,0.002265049037798387,1.822633505883057,0.5174672635357391,-0.01853795484892593,0.010170972271216081,-0.009877648904024022,0.019088451772837255,0.22876551430108766,0.22472138894876018,0.0005356496227581323,0.0005261803886125096,0.023144105572653534,0.022938622203883773,0.2287654133048737,0.22472128973796107,0.006612635059034137,0.0061146998807284645,0.08131811027707259,0.07819654647571378,12.345075545810683,11.620919390120902,5.450150323369494e-06,5.130447143631399e-06,34.595197113189535,36.75099254604615,34.59468401404486,36.7504124965544,0.2287654133048737,0.22472128973796107,0.16263622055414517,0.15639309295142756,0.1700169008114461,0.16495499222669763
Alaska,73,0.4246575342465753,0.5454480937497228,0.4140612756041954,338177,-0.12079055950314749,0.12079055950314749,0.00021586329052537576,0.09278803946429776,0.5068493150684932,4631.561643835616,0.497930186647201,-0.003564518004885943,0.4925591696935729,0.0027680240916018476,1.1999687741918696,0.7066631003628546,-0.01609612174079664,0.01341378383086404,-0.012352147894156172,0.017479542780447485,0.24793520392669396,0.24261525307013782,0.0033956395043525656,0.0033227791964832664,0.05827211601059778,0.057643552948124795,0.24793447077451644,0.24261453564922192,0.014590359265083416,0.008609620267628076,0.1207905595031475,0.09278803946429774,4.296792768013608,2.59109009612804,1.2705788607156063e-05,7.661957371688233e-06,16.99303398017451,28.179469954261,16.992230382882234,28.17720533020232,0.2479344707745164,0.24261453564922192,0.24158111900629498,0.18557607892859548,0.24258533172388552,0.18837947839245855
Arizona,861,0.5005807200929152,0.5223002024890546,0.4670141701031977,3389319,-0.02171948239613941,0.02171948239613941,0.0002540333323596864,0.018467827573921958,0.48548199767711964,3935.4912891986064,0.49950245341634425,-0.0006931262836530308,0.4989107485573138,0.0005900563287767083,1.093364923348303,0.8762224883044674,-0.016667984609375963,0.015244667405583308,-0.014921336339901356,0.017029163869983363,0.24950277458337372,0.24891200846614348,0.0002897089344507704,0.0002890229692440981,0.01702083824171919,0.0170006755525802,0.24950270096894717,0.24891193502601922,0.00047173591555620977,0.00034106065530011204,0.02171948239613941,0.018467827573921954,1.6283098636585913,1.1800468875955146,4.804240450906617e-07,3.4816647112944684e-07,528.9033392226792,729.8172074612132,528.8209726942696,729.6603059882308,0.24950270096894717,0.24891193502601922,0.04343896479227882,0.03693565514784391,0.0434822336658992,0.037016295253860236
Arkansas,239,0.49372384937238495,0.6419687217800987,0.3355990989924544,1182676,-0.14824487240771372,0.14824487240771372,0.00020208408727326842,0.1455724491247004,0.4811715481171548,4947.435146443515,0.4794214033980178,-0.0043961470069244805,0.4721994745315873,0.0043829209138429425,1.7930520622999986,0.5051153580368836,-0.01903734563601585,0.010617285485618362,-0.01010427672602299,0.020003899238567945,0.22984507637935703,0.22297253228012756,0.0009615005370162453,0.0009327509333868397,0.031008072126726054,0.030540971389051128,0.2298448820361249,0.22297234374790714,0.021976542195179326,0.021191337944163488,0.14824487240771372,0.1455724491247004,22.856505377914324,22.719181708258667,1.932610850649107e-05,1.9209995737001853e-05,10.458646314548185,10.52186248623901,10.458562670398052,10.521777774106704,0.22984488203612494,0.22297234374790717,0.29648974481542745,0.2911448982494008,0.3092162163745538,0.3082859193545386
California,2503,0.3148222133439872,0.383329021034668,0.58467704244594,15865475,-0.0685068076906808,0.0685068076906808,0.00015776394970840773,0.06614197473344474,0.6508190171793847,6337.583699560527,0.4861973700744082,-0.001769942962539107,0.4927776359399932,0.001686026177688952,0.6216102818359124,1.4077648052235017,-0.009903694625222049,0.015932321125660443,-0.014904012210556943,0.010587004416686443,0.236387897566787,0.24282981378815802,9.442692931618201e-05,9.700020135742222e-05,0.009717351970376601,0.009848868024165123,0.23638788266727107,0.24282979848260847,0.004693182699967923,0.004374760821639644,0.06850680769068081,0.06614197473344476,49.70174010692571,45.100533405283464,3.132698090641711e-06,2.8426842718524177e-06,50.368352944982675,55.50698846927974,50.36819621503638,55.506797771643726,0.23638788266727104,0.24282979848260847,0.1370136153813616,0.1322839494668895,0.1409032872394938,0.13422276075349132
Colorado,611,0.36006546644844517,0.4314284416700989,0.5412768636392822,3192745,-0.07136297522165375,0.07136297522165375,0.00019137137478877895,0.06756110690081607,0.6088379705400983,5224.441898527005,0.495275621637295,-0.001993453201052275,0.49829330772959823,0.0018758225396426716,0.7587935684601587,1.1799641673483154,-0.012051521190098767,0.0158824767249349,-0.01502845923605485,0.012736369164351561,0.2452980182180273,0.24829629829701402,0.000401392921766036,0.00040629915137979373,0.020034792780711158,0.020156863629538047,0.24529794138820898,0.24829622052810407,0.005092674232486366,0.004564503165663496,0.07136297522165375,0.06756110690081607,12.687503830610115,11.234340879527863,3.973855664785562e-06,3.5187102002314823e-06,48.16682359602817,54.397206336916135,48.166112031772,54.396296583339705,0.24529794138820898,0.2482962205281041,0.1427259504433075,0.13512221380163214,0.14408739720671124,0.13558501760468855
Connecticut,301,0.3289036544850498,0.4189390623134604,0.5639837181141665,1759010,-0.09003540782841057,0.09003540782841057,0.00017111898169993347,0.07721229517487005,0.6411960132890365,5842.887043189369,0.493385371065437,-0.0023873347651236954,0.49588918501645796,0.0020369861695560144,0.7209898913209377,1.293492333990041,-0.011108382935692667,0.015407127158663507,-0.01487880953482184,0.011502820035218233,0.24342926277130442,0.24590622361436854,0.0008085967023380166,0.0008168243999727241,0.028435834827520302,0.028580139957192722,0.24342912438137895,0.24590608381628687,0.008106374662828217,0.005961738526171261,0.09003540782841057,0.07721229517487005,10.025238341176808,7.298678303892904,5.69936728076821e-06,4.149312654962484e-06,30.029345361697047,41.24737821640297,30.0288497884218,41.246434468617636,0.24342912438137898,0.2459060838162869,0.18007081565682115,0.15442459034974013,0.1824849561996221,0.15570473708215168
Delaware,116,0.33620689655172414,0.4179090800974044,0.5649262155570243,512913,-0.08170218354568026,0.08170218354568026,0.00022615921218608224,0.06438412927056192,0.6293103448275862,4420.663793103448,0.49321504525870424,-0.002491458193742542,0.4957666654117064,0.0019532496775451617,0.7179446815066886,1.2984607111648854,-0.012743882190932424,0.01775050713404261,-0.01713841533425984,0.013199024958471394,0.24326155514404282,0.2457850657278983,0.0020966080974342783,0.002118357579060915,0.04578873330235592,0.046025618725454576,0.24326108086954568,0.24578458653344282,0.006675246796132024,0.004145316101928428,0.08170218354568025,0.06438412927056192,3.183831448662652,1.9568538111332836,6.207363931166851e-06,3.815184302830278e-06,36.4422602338094,59.292121635573764,36.43974224470505,59.28538388951031,0.24326108086954565,0.24578458653344282,0.1634043670913605,0.12876825854112384,0.16565225317249863,0.12986780629370173
District Of Columbia,72,0.06944444444444445,0.0646762963031156,0.9027707452994916,325869,0.004768148141328851,0.004768148141328851,0.000220947681430268,0.01389592136717499,0.9166666666666666,4524.958333333334,0.2459538025720017,0.0002881966354922989,0.29626968581157953,0.0006972569289427239,0.06914856968499924,9.284970332028797,-0.0039091677603511335,0.05653287953979429,-0.04529841100668418,0.0048786812867269895,0.06049345863698035,0.08777599609065347,0.0008400012881604557,0.0012188416970532225,0.028982775715249494,0.0349119133971947,0.06049327299962719,0.08777572673089205,2.2735236697657783e-05,0.00019309663064271055,0.004768148141328852,0.013895921367174994,0.027065716467466812,0.1584263412628217,8.305730070908101e-08,4.861672249586388e-07,2660.7716384962596,454.5689193992449,2639.229943846545,453.93709376097297,0.060493272999627194,0.08777572673089204,0.009536296282657704,0.027791842734349984,0.019386356671322456,0.046902946985985156
Florida,2435,0.47433264887063653,0.5608834311631108,0.4298829273881028,10893752,-0.08655078229247426,0.08655078229247426,0.00022352262104002367,0.08182138472688688,0.5117043121149897,4472.820123203286,0.496279364682642,-0.0026076786029576473,0.4950591844702388,0.0024712631113349604,1.277299630594108,0.7540257046130283,-0.016898792633150913,0.013230092789810648,-0.012983816201509594,0.01721932836251648,0.24629323041847553,0.24508361862596947,0.00010112450854622915,0.00010062785909370031,0.01005606824490711,0.010031343832891997,0.24629320780980676,0.2450835961283379,0.007491037915439278,0.00669473899862524,0.08655078229247427,0.0818213847268869,74.07737276680798,66.52967735695728,6.799987696323148e-06,6.1071413654449485e-06,32.87838222019786,36.60838700039922,32.87828600847353,36.608267339012535,0.24629320780980676,0.2450835961283379,0.17310156458494855,0.1636427694537738,0.17439931710201428,0.16527596556852833
Georgia,1011,0.42433234421364985,0.5071729539955493,0.4852529230675474,5250905,-0.08284060978189944,0.08284060978189944,0.00019253823864648093,0.06568674063176017,0.5509396636993076,5192.773491592483,0.4999485460834722,-0.0022994199114581017,0.4997824764054341,0.0018238830973453478,1.029109417000156,0.9427016583743019,-0.0140776799210042,0.01367947828331073,-0.013473717767210912,0.014292663694308622,0.24994859633202868,0.24978257129138084,0.000247181475439702,0.00024701728842241327,0.015722006088273278,0.015716783653865484,0.24994854873097774,0.24978252372194829,0.006862566629036934,0.004314747894824133,0.08284060978189944,0.06568674063176018,27.76327237641642,17.467392352901527,5.287331929209984e-06,3.3265495527820596e-06,36.42202141592242,57.890409778420974,36.42177571862544,57.889782577189955,0.24994854873097774,0.2497825237219483,0.1656812195637989,0.13137348126352036,0.16569827121383054,0.13143065980263322
Hawaii,100,0.24,0.3748028356825321,0.6058513531036325,516701,-0.1348028356825321,0.1348028356825321,0.00019353552634889423,0.09414864689636748,0.7,5166.01,0.48407196783832146,-0.003874462599633496,0.48866705541312083,0.002680546839235766,0.5994954185240219,1.5371138728352083,-0.010772470487998212,0.01796922904685477,-0.017249455867339853,0.011221976570625318,0.2343261235511615,0.238795953201135,0.002342807731215027,0.002387497377006422,0.04840255913910985,0.0488620238734175,0.23432567004686491,0.2387954910461301,0.01817180450805175,0.008863967712416886,0.1348028356825321,0.09414864689636748,7.7564216072598855,3.712660712335954,1.5011460435958748e-05,7.185331357336856e-06,12.89501380795933,26.94002266181756,12.894716957105343,26.93867025284361,0.23432567004686491,0.23879549104613013,0.2696056713650642,0.188297293792735,0.2784768477392102,0.19266419917907887
Idaho,175,0.5771428571428572,0.6687379910878541,0.3038173286323403,905057,-0.09159513394499696,0.09159513394499696,0.00019335798739747884,0.1018969570819454,0.4057142857142857,5170.754285714285,0.47066706955515303,-0.002706335522836633,0.45990472867219884,0.003081175172570216,2.0187584845119093,0.43640461207614845,-0.019759012327426398,0.009787704908248936,-0.009186873060652351,0.021051273993065247,0.22152773513024676,0.2115125931559021,0.0012656280055613099,0.00120840968860903,0.03557566591873313,0.0347621876269177,0.22152749036363525,0.21151235945504884,0.008389668562401939,0.010382989862559824,0.09159513394499698,0.1018969570819454,6.628858183871408,8.592276245741974,7.3242519621674325e-06,9.493640444063102e-06,26.404796413103185,20.371045551892944,26.404055254933713,20.370609556765967,0.22152749036363525,0.21151235945504884,0.18319026788999396,0.2037939141638908,0.19460705851286206,0.2215610119429178
Illinois,1218,0.36288998357963875,0.4347495522170801,0.543705743159883,5633310,-0.07185956863744136,0.07185956863744136,0.00021621391331206696,0.06959474945095445,0.6133004926108374,4624.049261083744,0.49572409570660214,-0.002131735662044855,0.49808614517454947,0.002054758511495146,0.7691273026360208,1.1915682369642324,-0.012896975894679964,0.016768324112898234,-0.01605270530205554,0.013471914409998995,0.24574242268722438,0.24808985205464346,0.00020171534462754383,0.00020364220983323293,0.014202652732061847,0.014270326199258127,0.24574237906412844,0.24808980801484237,0.005163797604759146,0.004843429151141125,0.07185956863744136,0.06959474945095445,25.599428810405136,23.784013909039363,4.544296932833817e-06,4.222032540561748e-06,47.589467650250896,51.2219339383527,47.58907407169397,51.22147728993369,0.24574237906412844,0.24808980801484234,0.14371913727488272,0.13918949890190888,0.14495879716117727,0.13972432304168117
Indiana,734,0.45776566757493187,0.5858141702339072,0.3962311823874399,2936677,-0.12804850265897538,0.12804850265897538,0.00024994236683162634,0.11875519363435855,0.5149863760217984,3999.922343324251,0.492580884918473,-0.00411027774800009,0.4891135169787186,0.0038389916475840406,1.4143752106747347,0.6562630775703662,-0.018804272587148365,0.013295108995991022,-0.012808940418902516,0.01951799645094175,0.24263601080970743,0.23923211395483454,0.0003304841495788652,0.00032584784702186724,0.018179223019118975,0.01805125610648376,0.24263592818706595,0.2392320324912912,0.016396419033205625,0.014102796015133994,0.12804850265897538,0.11875519363435855,49.61332957752898,43.28031056221027,1.689438316570469e-05,1.4737856870220027e-05,14.79810486031649,16.963446981333806,14.798035331078935,16.963354770407403,0.24263592818706597,0.23923203249129124,0.25609700531795077,0.23751038726871712,0.2599542665569913,0.24279679361125817
Iowa,408,0.4117647058823529,0.5572682034209675,0.425173098263547,1663506,-0.14550349753861458,0.14550349753861458,0.0002452651207750378,0.15570925467762953,0.5808823529411765,4076.2205882352937,0.496709525655523,-0.00458819751053667,0.4943692291966837,0.004933261710485245,1.258703819619355,0.7396541410625918,-0.017572475073726473,0.013960770436877335,-0.013470555557756963,0.01821196530909038,0.2467205011904972,0.2444010816957899,0.0006045587971984682,0.0005988753397915936,0.024587777394438647,0.024471929629508043,0.24672035287693467,0.24440093477652317,0.02117126779596961,0.02424537199226289,0.14550349753861455,0.15570925467762953,35.01936932202043,40.48483946709208,2.1051556395694894e-05,2.4337071104139802e-05,11.65354645997643,10.080312847108127,11.65347182791729,10.080257823591745,0.2467203528769347,0.2444009347765232,0.2910069950772291,0.31141850935525905,0.2929347838590151,0.3149655065114923
Kansas,304,0.3881578947368421,0.5715630792917397,0.4104072715166041,1327591,-0.18340518455489757,0.18340518455489757,0.0002289861862576652,0.17840851795708007,0.5888157894736842,4366.075657894737,0.49485222610622276,-0.0056090647236841885,0.491907656987468,0.005488913340734127,1.3340658838338995,0.6960860466720664,-0.01748006368083882,0.013102848886745993,-0.012626582932008402,0.018139399564716344,0.24487891013586227,0.24197332526786408,0.0008053382771320241,0.0007957826207859701,0.02837848264322855,0.02820961929530369,0.24487872568228422,0.2419731430029005,0.033637461721616045,0.03182959927964176,0.1834051845548976,0.17840851795708007,41.76811493600676,39.99785676169284,3.1461607074478384e-05,3.012816966208908e-05,7.279940671769555,7.602142297709249,7.279906235400455,7.602104492230434,0.2448787256822842,0.24197314300290051,0.3668103691097952,0.3568170359141602,0.37062616853930985,0.36268701131770603
Kentucky,429,0.5104895104895105,0.6447214549801642,0.3393747017396711,2074530,-0.13423194449065368,0.13423194449065368,0.00020679382799959509,0.14547378310881376,0.48484848484848486,4834.734265734266,0.4785976394304764,-0.00403365755201291,0.4734971104017219,0.004418563448698589,1.814692905095545,0.5137173865932328,-0.019373820260843826,0.010676087511249615,-0.010308033657158969,0.020065572873672242,0.2290558108817762,0.2241996216312699,0.0005338192157431664,0.0005225017681428361,0.023104528035499155,0.0228582975775283,0.2290557004684243,0.2241995135587804,0.018018214921741934,0.02116262157199019,0.1342319444906537,0.14547378310881376,33.75340263212057,40.50248795752395,1.627039324691078e-05,1.952370295017517e-05,12.712452452325396,10.594127612975885,12.71238068029701,10.594078618268073,0.2290557004684243,0.22419951355878037,0.2684638889813074,0.2909475662176275,0.28046929911812263,0.3072326734695206
Louisiana,320,0.509375,0.6021524931800346,0.3821024178178602,2006975,-0.09277749318003459,0.09277749318003459,0.00015944393926182438,0.08977258218213979,0.471875,6270.796875000001,0.4894536424801668,-0.002393699903962167,0.4859013892917014,0.0023331045993018793,1.5135258682229764,0.6183911846174316,-0.015535797699326143,0.010264639690345464,-0.009930480852232615,0.01605857440929744,0.2395649875033071,0.2361002777554754,0.0007485212197437199,0.000737695728116029,0.02735911584360357,0.027160554635648163,0.23956486813710295,0.23610016011560556,0.008607663240771363,0.008059116511649042,0.09277749318003457,0.08977258218213979,11.499558080288587,10.924716254262298,5.729799230228487e-06,5.443377071283583e-06,27.83158000447456,29.296035089495827,27.831207924277187,29.295622054773094,0.23956486813710298,0.23610016011560556,0.18555498636006917,0.17954516436427959,0.1895531775183265,0.1847547345213425
Maine,183,0.44808743169398907,0.4546408058938505,0.52401383250639,831375,-0.006553374199861406,0.006553374199861406,0.0002201172755976545,0.0060408123023532045,0.5300546448087432,4542.0327868852455,0.4979382928737663,-0.0001952829416862486,0.49942300292272784,0.00017947405184084916,0.8336538758441808,1.1009013880921754,-0.013547768108135124,0.016251070738939808,-0.015568582672886199,0.014141668673763798,0.24794284174229653,0.2494236358617495,0.001354580684368679,0.0013626706743746118,0.03680462857262221,0.03691436948363891,0.24794254351004064,0.24942333584835502,4.2946713403409106e-05,3.649141327226182e-05,0.006553374199861405,0.006040812302353204,0.0317048027474458,0.026779334110943055,3.813542731363478e-08,3.221093528417181e-08,5773.260020645933,6835.124032807711,5733.452451052125,6779.39552805988,0.24794254351004066,0.24942333584835505,0.01310674839972281,0.012081624604706409,0.013161016723658105,0.012095582836595646
Maryland,559,0.29695885509839,0.3408282302077388,0.6261908664419382,3038334,-0.043869375109348796,0.043869375109348796,0.00018398240614757956,0.05359446450618344,0.6797853309481217,5434.302325581395,0.4739877083861979,-0.0012555166335207171,0.4838138745702038,0.0015026911179822104,0.5170552590793613,1.6751620284972928,-0.009754310635440374,0.01886512217825293,-0.017557250768972996,0.01048092690157427,0.22466442164449255,0.23407594226751854,0.00040183020991703514,0.0004186634640651859,0.020045703028754944,0.020461267411017968,0.2246643477011994,0.2340758652266329,0.0019245220724847516,0.0028723666257045553,0.043869375109348796,0.05359446450618343,4.789391203021054,6.860800791676745,1.5763220170471948e-06,2.2580805960626253e-06,116.7377350009476,81.492335669099,116.7332883368093,81.49017680940013,0.2246643477011994,0.2340758652266329,0.08773875021869759,0.10718892901236686,0.09255382435699093,0.11077496393379394
Massachusetts,643,0.3157076205287714,0.3602252719603601,0.6121822810930694,3473668,-0.0445176514315887,0.0445176514315887,0.00018510692443837466,0.044116319217972655,0.656298600311042,5401.283048211508,0.48006564697074994,-0.0012617785696905444,0.48725264063805296,0.0012319599820809369,0.5630501740263189,1.5785309727944181,-0.01020998443997004,0.018133347454560578,-0.017095353497633504,0.010829913249893474,0.2304630917471898,0.23741520415587572,0.00035835214841847574,0.0003691621414581952,0.018930191452240407,0.019213592622364908,0.2304630254014447,0.2374151358087556,0.001981821288984431,0.001946249621342063,0.044517651431588694,0.04411631921797265,5.5303736777659935,5.272072628179997,1.592085158930316e-06,1.5177253974488622e-06,116.28850022069533,121.98596377634372,116.28464081740809,121.98171521844259,0.23046302540144473,0.23741513580875556,0.0890353028631774,0.0882326384359453,0.09273242464337617,0.0905409546066343
Michigan,1159,0.39516824849007764,0.4972710995013228,0.4831290850971348,5664186,-0.10210285101124517,0.10210285101124517,0.000204618986735252,0.10013234717206276,0.5832614322691976,4886.132010353753,0.4999925530466112,-0.0029214047761142894,0.4997152911712231,0.002866613615850369,0.9891436498042173,0.9347190394490055,-0.014228105784693232,0.014384266418239072,-0.01383113901417845,0.014797108468370962,0.24999259723773007,0.2497154163170663,0.00021565266954770663,0.00021541356324556284,0.014685117280692947,0.01467697391309131,0.24999255310206833,0.2497153722303403,0.010424992184624528,0.010026486950186505,0.10210285101124517,0.10013234717206276,48.34158652656194,46.54529083090608,8.534605865903381e-06,8.217473622578727e-06,23.980118994311955,24.905569963933907,23.98002170516051,24.905464850959582,0.24999255310206836,0.2497153722303403,0.20420570202249036,0.20026469434412553,0.204208743488479,0.2003787935673821
Minnesota,652,0.3512269938650307,0.4668313910606284,0.5092254880267493,3253920,-0.11560439719559767,0.11560439719559767,0.0002003737031027192,0.1150076408076065,0.6242331288343558,4989.674846625766,0.4988986303659563,-0.003280393321023118,0.499914883125786,0.0032568256172482804,0.8755792881154285,1.037595628141553,-0.013246819450026363,0.015129206035170652,-0.01442042113650231,0.013897920100464242,0.2488999198733563,0.2499149671749435,0.0003816718510348302,0.0003832283601035427,0.019536423701251728,0.019576219249475692,0.24889984338102708,0.2499148903706683,0.013364376650957514,0.013226757444131437,0.11560439719559769,0.1150076408076065,35.015358388947384,34.51403607122855,1.0760980340613083e-05,1.0606913101164642e-05,18.624126652640715,18.894645299597048,18.624025779758163,18.89454139070556,0.24889984338102705,0.2499148903706683,0.23120879439119535,0.230015281615213,0.23171921139731047,0.23005444464566754
Mississippi,200,0.57,0.6089080852893467,0.3800203256004847,1228008,-0.03890808528934675,0.03890808528934675,0.0001628653884990977,0.029979674399515266,0.41,6139.040000000001,0.487994906693306,-0.0010175935333791902,0.4853914685395555,0.0007882873213744953,1.5569436809754638,0.6129561037118765,-0.015925248580207035,0.01022853220370147,-0.009992276785378071,0.01630178201157941,0.23813922288179365,0.23560506959054223,0.0011905021912237107,0.001177833488396755,0.034503654751688415,0.03431957879107427,0.23813902895860842,0.2356048777309863,0.0015138391008830815,0.0008987808771009511,0.03890808528934676,0.029979674399515266,1.2715970722632726,0.7630797442551532,1.0354965991751452e-06,6.213969010397769e-07,157.30801828258538,262.13828501885575,157.28799773284481,262.0825526099021,0.2381390289586084,0.2356048777309863,0.07781617057869351,0.05995934879903053,0.07973051512564173,0.06176390880894143
Missouri,815,0.4822085889570552,0.5849064225708912,0.4008240168769553,2995327,-0.102697833613836,0.102697833613836,0.00027209049295786404,0.09856248619052937,0.49938650306748467,3674.2478527607364,0.4927381651609841,-0.003438435292862153,0.4900654286639464,0.0033179769046763844,1.4090953326561253,0.6689587502953092,-0.019583303908355686,0.01389778495074668,-0.01349321513934319,0.020170474088853255,0.24279098046279923,0.24016420455120555,0.0002978219869266741,0.000294599825956317,0.017257519721172974,0.017163910567126506,0.24279089940621326,0.24016412437157755,0.010546845028975144,0.009714563684058293,0.102697833613836,0.09856248619052937,35.41325184823192,32.97545629065904,1.182283726320004e-05,1.100897073996588e-05,23.02023958247215,24.722070098288565,23.02007034965265,24.72187430856975,0.24279089940621326,0.24016412437157758,0.205395667227672,0.19712497238105878,0.20842273011323012,0.20112107572908766
Montana,158,0.5126582278481012,0.583914767572803,0.3846106643359542,602963,-0.0712565397247018,0.0712565397247018,0.0002620392959435322,0.05842731034759008,0.4430379746835443,3815.221518987342,0.4929080155396161,-0.002340447850830608,0.48650313587376826,0.001944331762900122,1.403353741171219,0.6249875356077366,-0.019178900183954163,0.013666475972015243,-0.012798992912213656,0.020478797068757448,0.24295871472453504,0.2366856937526846,0.001537310442999907,0.0014976181822793277,0.039208550636307724,0.038699072111348196,0.24295831178320243,0.23668530121501022,0.005077494453538008,0.003413750594453607,0.07125653972470182,0.058427310347590085,3.3028426214485265,2.2794532243578844,5.477696142457612e-06,3.7804260042222967e-06,47.850039819129414,69.33292127420141,47.846322168433694,69.32506475224473,0.24295831178320246,0.2366853012150102,0.14251307944940364,0.11685462069518016,0.1445635645561434,0.12009647223065395
Nebraska,211,0.46445497630331756,0.5931807154514578,0.3885759235104213,952182,-0.12872573914814023,0.12872573914814023,0.0002215962914652871,0.11379374473602416,0.5023696682464455,4511.710900473933,0.4912406276642379,-0.0039012203860619493,0.4874265843985579,0.003475670083381002,1.4580938956955436,0.6355260423197358,-0.01797720265622163,0.012329248966265029,-0.01186850573904844,0.01867508953012715,0.24131760770438543,0.2375849246947394,0.0011434319081395868,0.0011257453874716538,0.03381467001376159,0.03355212940294034,0.24131735426795445,0.2375846751784445,0.01657031591923504,0.012949016341047425,0.12872573914814023,0.11379374473602416,14.491738249805941,11.502615498278896,1.5219520500625344e-05,1.2080282528509702e-05,14.563231953099342,18.347700622271873,14.563024511783674,18.347366353242453,0.24131735426795445,0.2375846751784445,0.25745147829628046,0.22758748947204832,0.2620421274197297,0.233458224024518
Nevada,378,0.3941798941798942,0.5126926765014008,0.4812925065604706,1465215,-0.11851278232150664,0.11851278232150664,0.0002579826168855765,0.11130008603212194,0.5925925925925926,3875.230158730159,0.499838870000354,-0.0038087846434652303,0.4996499071241883,0.0035783345221891334,1.0520931079396647,0.9278688136333613,-0.016477007414931456,0.015661168475096954,-0.015473713030187831,0.016676617214448297,0.2498390664768185,0.24965020007389757,0.0006607793977265834,0.0006602798800581388,0.0257056296893615,0.025695911738215067,0.24983889596323078,0.24965002968920996,0.014045279573584818,0.012387709150757749,0.11851278232150664,0.11130008603212195,21.255625738192965,18.761300358973507,1.4506840460296561e-05,1.2804477952690534e-05,17.78810415658132,20.153042556212988,17.787900346677958,20.152779122314488,0.24983889596323078,0.24965002968920996,0.23702556464301328,0.2226001720642439,0.23710197312470457,0.2227561427414781
New Hampshire,179,0.3687150837988827,0.478731864016587,0.5065281672837572,826189,-0.11001678021770434,0.11001678021770434,0.0002166574476300217,0.11358356455981822,0.6201117318435754,4614.581005586592,0.49954746160078833,-0.0032420225932616193,0.4999573812155545,0.0033443858115944827,0.9183984804930038,1.0264581151383,-0.014107479933377114,0.015360957398148247,-0.014914355104118994,0.014529920786986525,0.24954796843886318,0.24995768557489947,0.0013938206816366478,0.0013961091082722197,0.03733390793416419,0.03736454346398762,0.2495476663917911,0.24995738303191528,0.012103691929470662,0.012901226138114391,0.11001678021770435,0.11358356455981822,8.683822882623826,9.240843757606124,1.0510710495218795e-05,1.1184916456794486e-05,20.61748331384577,19.374699765432403,20.616993772081297,19.374268875158332,0.24954766639179107,0.24995738303191528,0.2200335604354087,0.22716712911963644,0.22023288811268923,0.2271864939440651
New Jersey,904,0.41261061946902655,0.4606463088544196,0.5197416168838388,4272725,-0.04803568938539304,0.04803568938539304,0.00021157458062477693,0.04552386984182488,0.5652654867256637,4725.465707964601,0.4984488810231379,-0.001401913101832558,0.49961011655371007,0.0013255180353857665,0.8540709304797983,1.0822124821882135,-0.013443881080016148,0.01574094211643952,-0.01513331114674128,0.013983678247863124,0.24845134514143638,0.24961032698228108,0.0002747774105666841,0.0002760591988739272,0.016576411269230866,0.016615029307043883,0.24845128699321828,0.24961026856281177,0.0023074274547299615,0.0020724227253754134,0.048035689385393036,0.04552386984182489,8.397442315113404,7.507167788028913,1.9653603450897845e-06,1.756998062132942e-06,107.67458213428189,120.44370364525682,107.67189395355804,120.4403367439805,0.24845128699321828,0.24961026856281174,0.09607137877078609,0.09104773968364978,0.09637034250491824,0.09111879110024164
New Mexico,224,0.38392857142857145,0.4585116141056505,0.5185189998299767,923403,-0.07458304267707905,0.07458304267707905,0.00024258097493727007,0.07523100017002327,0.59375,4121.334821428572,0.4982757407659755,-0.002331585812884,0.49965692894755026,0.0023453408722940937,0.8467616777197347,1.0769251531148154,-0.014333810154675048,0.01692779743324582,-0.016164929359092455,0.015010262609558574,0.2482789827097998,0.2496573170118837,0.0011081194417505251,0.0011142712272166192,0.033288428045651616,0.033380701418883024,0.2482787138358816,0.24965704664529728,0.005562630254970995,0.005659703386582041,0.07458304267707905,0.07523100017002327,5.019883277369055,5.079287024865239,5.436292402841942e-06,5.5006238072532205e-06,44.63333035914252,44.11133050491326,44.631221408947404,44.10927115333397,0.24827871383588157,0.2496570466452973,0.1491660853541581,0.15046200034004656,0.14968226741768745,0.1505653095384581
New York,1732,0.35161662817551964,0.4331444097499576,0.5590486045554668,8262600,-0.08152778157443796,0.08152778157443796,0.00020961924817853943,0.07432321992490276,0.6333718244803695,4769.554272517321,0.4955101714922898,-0.002382397110903933,0.49650101943505826,0.0021675317833641915,0.7641177350988032,1.2678236429932987,-0.012657304914525417,0.01656460036605325,-0.01630386331544501,0.012859724935364048,0.24553035976818996,0.2465132921348852,0.00014173146182377042,0.00014229885577593643,0.011905102344111554,0.011928908406720895,0.24553033005231847,0.2465132623000521,0.006646779168449267,0.005523941020005462,0.08152778157443796,0.07432321992490275,46.89699155656705,38.81929330973294,5.675815994043406e-06,4.698194031893953e-06,36.939745375894915,44.62633858820752,36.939584700147684,44.62610296337836,0.24553033005231845,0.2465132623000521,0.16305556314887593,0.1486464398498055,0.16453301317490018,0.14969399259133673
North Carolina,1049,0.44518589132507147,0.5085719058363357,0.4764533813078146,5699141,-0.06338601451126424,0.06338601451126424,0.00018406282631014043,0.06024823928322448,0.5367016205910391,5431.927550047664,0.4999265170305862,-0.001720324158545664,0.4994452489994922,0.0016367392184996464,1.034885697167655,0.9100495816360935,-0.013802863971079618,0.013337573423670101,-0.01294361369312916,0.014222976367792007,0.24992656628370782,0.24944560051714693,0.00023820835471262885,0.00023774993980448534,0.015433999958294312,0.015419141993135849,0.249926522430333,0.2494455567481648,0.0040177868356222005,0.003629850336728674,0.06338601451126424,0.06024823928322449,16.86669151663132,15.267513168304887,2.959515210475847e-06,2.6789152693748334e-06,62.20502297793731,68.72061754837317,62.204354943992946,68.71980097826608,0.249926522430333,0.2494455567481648,0.1267720290225285,0.12049647856644898,0.12679066293134075,0.12063031814581489
North Dakota,65,0.4307692307692308,0.669568524127066,0.3051079029213239,368155,-0.23879929335783523,0.23879929335783523,0.00017655607013350355,0.2179690201555992,0.5230769230769231,5662.923076923077,0.47036848919264207,-0.006746437265286543,0.4604531143300867,0.006290555900079737,2.0263460748047675,0.4390723454821208,-0.01891631243675762,0.009335183497014524,-0.00880537205476531,0.020054490211850216,0.22124711658723684,0.2120176463886212,0.0034032008317815975,0.0032612340520950136,0.05833695939780884,0.05710721541184628,0.22124651562536865,0.21201707049627588,0.05702510250820144,0.047510493747592024,0.2387992933578352,0.21796902015559924,16.756314225025747,14.568256368190234,4.551441577444697e-05,3.957109353202799e-05,3.8798091698923054,4.4625314066962645,3.87977882111808,4.462489436461456,0.22124651562536862,0.21201707049627588,0.4775985867156704,0.4359380403111984,0.5076855674743841,0.4733794025320523
Ohio,1360,0.4198529411764706,0.5513579902728741,0.4392843495634722,5767788,-0.13150504909640354,0.13150504909640354,0.0002357923002717853,0.13056859161299839,0.5698529411764706,4240.020588235294,0.49735536272883535,-0.004060613367421347,0.49629991919409916,0.004040271336227876,1.228948645732535,0.7834351497438692,-0.017024833958241007,0.01385316955054137,-0.013593069696695076,0.01735059972882133,0.24736239972200583,0.24631365249711545,0.00018184123056821661,0.00018107027473118,0.013484851892706,0.013456235533431333,0.2473623568351314,0.24631360979206934,0.017293577937847505,0.01704815711580195,0.13150504909640354,0.13056859161299839,95.10262267698373,94.15215800115139,1.6488580919680932e-05,1.6323792470344588e-05,14.30371191688283,14.448107682194053,14.303678924675634,14.448073995226265,0.24736235683513136,0.24631360979206937,0.2630100981928071,0.26113718322599677,0.2644086280177536,0.26308404769643734
Oklahoma,346,0.5289017341040463,0.6616210342024795,0.3189934956099997,1566173,-0.13271930009843325,0.13271930009843325,0.00022092067734535073,0.11453251595069397,0.43352601156069365,4525.5115606936415,0.47315815675450523,-0.0041695953734301175,0.4660865213332314,0.003652821226722849,1.9552664352026567,0.46841475603193033,-0.020785914340481625,0.010630732449681334,-0.01017375897384771,0.021719552688801713,0.22387878424971588,0.21723678407399682,0.0006469055629972722,0.0006277132716084245,0.02543433826537015,0.025054206664918057,0.22387864130332094,0.21723664536851278,0.01761441261861798,0.013117697209995966,0.13271930009843322,0.11453251595069396,27.228723365750767,20.897594177647008,1.738552557812984e-05,1.3343102914397018e-05,12.709969168468723,16.560577812618956,12.709874139165231,16.56041327794497,0.22387864130332094,0.21723664536851278,0.26543860019686644,0.2290650319013879,0.28049669693699,0.24573230657491646
Oregon,675,0.31555555555555553,0.4096604444745428,0.5527306166693324,2244493,-0.09410488891898727,0.09410488891898727,0.0003007360682345634,0.09912123518251947,0.6518518518518519,3324.1748148148154,0.49177104907412234,-0.003319000371962504,0.4972117074905537,0.0034576691236179896,0.693940361339851,1.2357890731382726,-0.014448379709154484,0.020820780162228554,-0.01928103078433918,0.015602202029004203,0.24183887245512453,0.24721959221063217,0.00035817206338292757,0.0003661411027592299,0.01892543429839663,0.019134813894031735,0.24183876470746285,0.24721948206567196,0.008855730118454933,0.009825019264108335,0.09410488891898727,0.09912123518251947,24.72479298025856,26.833969718415226,1.101576346908724e-05,1.1955475768421196e-05,27.308732478588304,25.16223891476596,27.30841238401197,25.16196804301261,0.24183876470746282,0.24721948206567193,0.18820977783797452,0.19824247036503892,0.1913591479127582,0.1993541859317595
Pennsylvania,1851,0.4467855213398163,0.5037253671558666,0.4866280572391539,7034206,-0.05693984581605027,0.05693984581605027,0.0002631427058007684,0.04929846896289902,0.5359265262020529,3799.2193408968124,0.49998612144693977,-0.0018476136140715374,0.4998211591627556,0.001600190216133996,1.015013328948597,0.9479054399080186,-0.016345141662607362,0.016103376375893017,-0.015795570784894342,0.016663656647468012,0.24998615717820002,0.24982122666199977,0.00013501911136919905,0.00013493003134978362,0.011619772431902401,0.011615938677084329,0.249986121639554,0.24982119114680068,0.0032421460415555776,0.002430339042085918,0.05693984581605027,0.04929846896289902,24.012497258185817,18.011846716211526,3.413676066902488e-06,2.5606087278109647e-06,77.10513913790601,102.79273254499645,77.1043049236836,102.79124504190058,0.249986121639554,0.24982119114680065,0.11387969163210054,0.09859693792579804,0.11388285269052797,0.09863221686228389
Rhode Island,121,0.33884297520661155,0.4178753659230616,0.5557664796934627,513086,-0.07903239071645007,0.07903239071645007,0.00023582791189001454,0.08886161948009097,0.6446280991735537,4239.380165289256,0.4932094326731079,-0.0024610620511194012,0.49688036763651533,0.0027466998547034703,0.717845185482791,1.2510683104461897,-0.013012604020301034,0.018127312522893544,-0.017178661810964446,0.013731194106289632,0.24325601858152168,0.24689058093012067,0.0020099062150628504,0.0020399368366938397,0.04483197759482455,0.04516565992758038,0.24325554447772896,0.24689009974259862,0.006246118782357624,0.007896387416624484,0.07903239071645007,0.08886161948009098,3.1076667834286518,3.870897997715603,6.056826419460034e-06,7.544360091828065e-06,38.945071804399966,31.266209054385303,38.942191844421096,31.264364810641457,0.24325554447772899,0.24689009974259862,0.15806478143290018,0.17772323896018197,0.16024103652703578,0.17883906321912932
South Carolina,522,0.5574712643678161,0.5822862951015251,0.4036089068889464,2548140,-0.024815030733708943,0.024815030733708943,0.00020485530622336293,0.019762740620632158,0.42337164750957856,4880.494252873563,0.4931824871571016,-0.0007202367345375768,0.49062078754253396,0.000576592942872429,1.3939841768970673,0.6767520701617699,-0.01690040138375535,0.012123811492161065,-0.011775595898357633,0.017400162360113373,0.24322906109203518,0.2407088516333879,0.00046586060216138457,0.0004610336037315629,0.02158380416333934,0.02147169308022921,0.2432289656384647,0.24070875716885626,0.0006157857503149194,0.0003905659168383843,0.024815030733708943,0.019762740620632158,1.3218240552172675,0.8471528185303203,5.187409537773518e-07,3.324594217702882e-07,394.9895974599523,616.3076366657494,394.92853417643215,616.158850729718,0.24322896563846472,0.24070875716885623,0.049630061467417885,0.03952548124126431,0.05031612309827254,0.040281091063469956
South Dakota,104,0.4807692307692308,0.6343367791812964,0.3423909242239847,428922,-0.1535675484120656,0.1535675484120656,0.00024246832757471054,0.1576090757760153,0.5,4123.25,0.48161564525998907,-0.004965683448910428,0.47450961974761935,0.005172688991458545,1.7347568556691173,0.5206602780229946,-0.02051159687047676,0.011823903046381206,-0.011237181334821603,0.021582559317738698,0.2319541705432322,0.2251599041767361,0.002229787778879102,0.002164474134916668,0.047220628742945615,0.046523909282396594,0.23195362975919562,0.2251593792330303,0.023582991925292108,0.024840620766969728,0.15356754841206557,0.1576090757760153,10.576339214284824,11.47651541141012,2.4658012114782966e-05,2.6756711402356423e-05,9.835631988256408,9.064160728721482,9.835429381635462,9.063990316280139,0.23195362975919562,0.22515937923303028,0.30713509682413115,0.31521815155203053,0.3188591357516339,0.3321514869600407
Tennessee,763,0.54521625163827,0.6419393709149847,0.3447405336001791,3063942,-0.09672311927671462,0.09672311927671462,0.0002490256016595614,0.10086890283494543,0.4456094364351245,4014.6513761467895,0.4794300939493248,-0.003184058831364394,0.47528359754281746,0.003349504389660269,1.7928231108664203,0.5261130151911886,-0.02113220436279325,0.011787110638361112,-0.011447630519755997,0.02175888105637521,0.22985329000307075,0.22589457182002093,0.00030117437830830187,0.00029598731099392115,0.017354376344550726,0.017204281763384403,0.2298532149842584,0.22589449809324288,0.00935536180261756,0.010174535559125661,0.0967231192767146,0.10086890283494543,31.062940530222654,34.37490453546713,1.0138230641589591e-05,1.1219179656353412e-05,24.569142255935752,22.20194688794767,24.56895326105808,22.201793255341357,0.2298532149842584,0.22589449809324288,0.19344623855342924,0.20173780566989086,0.2017460324193544,0.21222887420569636
Texas,2257,0.4873726185201595,0.561399597529967,0.4245665474312461,11388674,-0.07402697900980754,0.07402697900980754,0.00019817934906205938,0.06856592930778799,0.4931324767390341,5044.934426229508,0.49621576901904085,-0.0021003501505270266,0.49427704198511746,0.0019530356229143847,1.2799796679810942,0.7378204126575664,-0.015928459393455184,0.012444306571352863,-0.01209337640140189,0.016390677452040908,0.2462301110437709,0.24430981568555588,0.0001090745739125586,0.00010822392491152584,0.01044387734093802,0.010403072859089561,0.2462300894231581,0.24430979423355756,0.005479993621318484,0.004701286661840579,0.07402697900980752,0.06856592930778799,50.24079787569566,43.44036372441609,4.4114707548189034e-06,3.8143481443725787e-06,44.93255037109245,51.96658102484417,44.932377041511586,51.966348465079776,0.24623008942315808,0.24430979423355756,0.14805395801961505,0.13713185861557595,0.14918304421512038,0.13871963187368205
Utah,137,0.48905109489051096,0.5937665855556018,0.3779430753499846,1488494,-0.10471549066509084,0.10471549066509084,9.203933640310274e-05,0.09650947939454091,0.4744525547445255,10863.919708029196,0.49112913519078055,-0.002045605863815585,0.4848732897829911,0.0019096265251789765,1.4616389603688584,0.6075699190433813,-0.011599166478959299,0.00793572612215546,-0.007478334006398879,0.012308598190926757,0.24120798948158917,0.23510226509137802,0.0017604802106445413,0.001715916981276731,0.04195807682252061,0.041423628296863746,0.241207827433244,0.23510210714498048,0.010965333985230726,0.009314079613005314,0.10471549066509084,0.0965094793945409,6.228603945065725,5.428047926931266,4.184503350076705e-06,3.646673465667132e-06,21.997307857483253,25.24158230478358,21.99699755859056,25.241171227318137,0.241207827433244,0.23510210714498048,0.20943098133018168,0.19301895878908182,0.21321376225096847,0.19904061829789485
Vermont,77,0.19480519480519481,0.322959777110552,0.6378073521058184,369690,-0.1281545823053572,0.1281545823053572,0.00020828261516405637,0.10245238815392188,0.7402597402597403,4800.168831168831,0.4676074844132144,-0.003955709856020611,0.480634095446404,0.0030766582211571238,0.4770171197986375,1.760961620325768,-0.009968704594350083,0.02089800172907454,-0.01915343574444248,0.010876691191542949,0.2186573509406166,0.23100975857982511,0.0028391143950095826,0.0029995018605607753,0.053283340689277196,0.0547677081916048,0.21865675947925456,0.231009133705583,0.016423596965860574,0.010496491838441873,0.1281545823053572,0.10245238815392188,5.784760555872262,3.4994116778042232,1.5647640465018603e-05,9.465825809813717e-06,13.313573143189783,22.00822305787403,13.313129710476192,22.006972473229787,0.2186567594792546,0.231009133705583,0.25630916461071446,0.20490477630784376,0.27406443775418665,0.2131608829347947
Virginia,952,0.4380252100840336,0.4605739184347081,0.5182386736091495,4503288,-0.022548708350674462,0.022548708350674462,0.00021140109182446248,0.019576452441270598,0.5378151260504201,4729.344537815126,0.4984431603426884,-0.0006578176947038708,0.49966724005579843,0.0005697084226372254,0.8538221160872074,1.0757166364755173,-0.013436409241436036,0.015736778174604782,-0.015081636378052252,0.014020082860729746,0.24844563926223823,0.24966740622611575,0.00026091714031810837,0.0002622002376721077,0.01615292977506274,0.016192598237222702,0.24844558409240694,0.2496673507849789,0.0005084442482837763,0.0003832374901853296,0.022548708350674462,0.019576452441270598,1.9486809017755007,1.4616214446936693,4.32724119465515e-07,3.245676868237954e-07,488.6387935963882,651.469016416537,488.58588703446543,651.3749297616379,0.24844558409240694,0.24966735078497893,0.045097416701348925,0.039152904882541195,0.04523827417989212,0.039178979272454346
Washington,864,0.3449074074074074,0.3901193172797912,0.5723012056083173,3924243,-0.045211909872383826,0.045211909872383826,0.00022016985186697153,0.05385620179909012,0.6261574074074074,4540.947916666667,0.48777682967207536,-0.0013754931317959992,0.49474491979967194,0.0016154038657009598,0.6396649842060399,1.3380940351312027,-0.011868696611444522,0.018554551061093476,-0.017166037503606773,0.012828722834807054,0.2379262961947989,0.24477259804205911,0.0002753170277747806,0.0002832392436289434,0.016592679945529612,0.016829713117844387,0.23792623556494083,0.24477253566758383,0.002044116794308559,0.0029004904722243177,0.04521190987238383,0.05385620179909012,7.424592698932958,10.240425850113112,1.891981355617966e-06,2.6095296493216045e-06,116.39561703489724,84.39004989382832,116.39219442510566,84.38825664536606,0.2379262355649408,0.24477253566758383,0.09042381974476767,0.10771240359818024,0.09268974482198977,0.10885650290435953
West Virginia,236,0.5805084745762712,0.6996684955362295,0.2810300242333959,762584,-0.11916002095995826,0.11916002095995826,0.0003094741038364298,0.10456319610558718,0.3855932203389831,3230.2881355932204,0.45840210720534297,-0.004573654290531551,0.44950211313493604,0.004092856147416767,2.3296540161028347,0.3908786649035611,-0.02685499541523539,0.011527460828779978,-0.011000194190036597,0.028142222069732572,0.21013276744389997,0.20205241467035742,0.000890117528788172,0.0008558893418660989,0.029834837502292048,0.02925558650695793,0.21013249189029876,0.20205214971277285,0.014199110595177686,0.01093346197981548,0.11916002095995823,0.10456319610558718,15.951950316615722,12.774387347758312,2.0918313569297666e-05,1.675147144344722e-05,14.798989731206413,18.480162101060582,14.798721947355753,18.479738502810143,0.21013249189029873,0.20205214971277283,0.23832004191991646,0.20912639221117432,0.2599464947629049,0.23262003236500547
Wisconsin,769,0.40052015604681407,0.495958711251628,0.4873704248830968,3422918,-0.09543855520481392,0.09543855520481392,0.00022466211577373458,0.0965047376656678,0.5838751625487646,4450.128738621586,0.4999836677185089,-0.0028614209373423803,0.4998404683820294,0.0028942159474387337,0.9839644535533694,0.9507263110442932,-0.014869741451840108,0.015112071780785712,-0.01461643531837157,0.015373967406368129,0.24998374101760099,0.24984056682288713,0.00032500335389003244,0.00032481721341032324,0.01802784939725292,0.018022686076451626,0.2499836679852523,0.24984049383236653,0.009108517819582319,0.009313164391919366,0.09543855520481394,0.09650473766566782,28.025919457631996,28.672016159915053,8.187729780661347e-06,8.376485950408688e-06,27.445043522648078,26.826595485541137,27.444831487193188,26.82639307502336,0.24998366798525232,0.2498404938323665,0.19087711040962788,0.19300947533133564,0.19088334553069025,0.1930710772139982
Wyoming,51,0.6470588235294118,0.7159800481698433,0.2584185721506943,269048,-0.06892122464043149,0.06892122464043149,0.00018955725372424252,0.055306918045384124,0.3137254901960784,5274.450980392156,0.45094635910776815,-0.0021044541620196177,0.43776524955538754,0.001739600582336332,2.5208794084930966,0.34846958465524935,-0.021861874918138423,0.008672320795863367,-0.008128189284222645,0.02332539091543409,0.2033533746181841,0.1916391260042992,0.00398656524531286,0.0037569176356444644,0.06313925280926962,0.06129369980384986,0.20335261879255218,0.19163841371829074,0.0047501352059368205,0.003058855183678837,0.06892122464043149,0.05530691804538413,1.1915357992752569,0.8141927719302045,4.4287273200416914e-06,3.026210186064905e-06,42.80985908325256,62.65037153142054,42.8032074719255,62.63601889475813,0.20335261879255218,0.1916384137182907,0.13784244928086298,0.11061383609076825,0.15283685797308,0.126339215142262
